"SKU","Size (Inches)","PLY","Color","Pack Qty"
"AAA-3PLBrown01-T2-0100X0100X0100-PO010","1x1x1","3","Brown","10"
"AAA-3PLBrown01-T2-0100X0100X0100-PO025","1x1x1","3","Brown","25"
"AAA-3PLBrown01-T2-0100X0100X0100-PO050","1x1x1","3","Brown","50"
"AAA-3PLBrown01-T2-0100X0100X0100-PO075","1x1x1","3","Brown","75"
"AAA-3PLBrown01-T2-0100X0100X0100-PO100","1x1x1","3","Brown","100"
"AAA-3PLBrown01-T2-0200X0200X0200-PO010","2x2x2","3","Brown","10"
"AAA-3PLBrown01-T2-0200X0200X0200-PO025","2x2x2","3","Brown","25"
"AAA-3PLBrown01-T2-0200X0200X0200-PO050","2x2x2","3","Brown","50"
"AAA-3PLBrown01-T2-0200X0200X0200-PO075","2x2x2","3","Brown","75"
"AAA-3PLBrown01-T2-0200X0200X0200-PO100","2x2x2","3","Brown","100"
"AAA-3PLBrown01-T2-0300X0300X0300-PO010","3x3x3","3","Brown","10"
"AAA-3PLBrown01-T2-0300X0300X0300-PO025","3x3x3","3","Brown","25"
"AAA-3PLBrown01-T2-0300X0300X0300-PO050","3x3x3","3","Brown","50"
"AAA-3PLBrown01-T2-0300X0300X0300-PO075","3x3x3","3","Brown","75"
"AAA-3PLBrown01-T2-0300X0300X0300-PO100","3x3x3","3","Brown","100"
"AAA-3PLBrown01-T2-0400X0400X0400-PO010","4x4x4","3","Brown","10"
"AAA-3PLBrown01-T2-0400X0400X0400-PO025","4x4x4","3","Brown","25"
"AAA-3PLBrown01-T2-0400X0400X0400-PO050","4x4x4","3","Brown","50"
"AAA-3PLBrown01-T2-0400X0400X0400-PO075","4x4x4","3","Brown","75"
"AAA-3PLBrown01-T2-0400X0400X0400-PO100","4x4x4","3","Brown","100"
"AAA-3PLBrown01-T2-0500X0500X0500-PO010","5x5x5","3","Brown","10"
"AAA-3PLBrown01-T2-0500X0500X0500-PO025","5x5x5","3","Brown","25"
"AAA-3PLBrown01-T2-0500X0500X0500-PO050","5x5x5","3","Brown","50"
"AAA-3PLBrown01-T2-0500X0500X0500-PO075","5x5x5","3","Brown","75"
"AAA-3PLBrown01-T2-0500X0500X0500-PO100","5x5x5","3","Brown","100"
"AAA-3PLBrown01-T2-0600X0600X0600-PO010","6x6x6","3","Brown","10"
"AAA-3PLBrown01-T2-0600X0600X0600-PO025","6x6x6","3","Brown","25"
"AAA-3PLBrown01-T2-0600X0600X0600-PO050","6x6x6","3","Brown","50"
"AAA-3PLBrown01-T2-0600X0600X0600-PO075","6x6x6","3","Brown","75"
"AAA-3PLBrown01-T2-0600X0600X0600-PO100","6x6x6","3","Brown","100"
"AAA-3PLBrown01-T2-0700X0700X0700-PO010","7x7x7","3","Brown","10"
"AAA-3PLBrown01-T2-0700X0700X0700-PO025","7x7x7","3","Brown","25"
"AAA-3PLBrown01-T2-0700X0700X0700-PO050","7x7x7","3","Brown","50"
"AAA-3PLBrown01-T2-0700X0700X0700-PO075","7x7x7","3","Brown","75"
"AAA-3PLBrown01-T2-0700X0700X0700-PO100","7x7x7","3","Brown","100"
"AAA-3PLBrown01-T2-0800X0800X0800-PO010","8x8x8","3","Brown","10"
"AAA-3PLBrown01-T2-0800X0800X0800-PO025","8x8x8","3","Brown","25"
"AAA-3PLBrown01-T2-0800X0800X0800-PO050","8x8x8","3","Brown","50"
"AAA-3PLBrown01-T2-0800X0800X0800-PO075","8x8x8","3","Brown","75"
"AAA-3PLBrown01-T2-0800X0800X0800-PO100","8x8x8","3","Brown","100"
"AAA-3PLBrown01-T2-0900X0900X0900-PO010","9x9x9","3","Brown","10"
"AAA-3PLBrown01-T2-0900X0900X0900-PO025","9x9x9","3","Brown","25"
"AAA-3PLBrown01-T2-0900X0900X0900-PO050","9x9x9","3","Brown","50"
"AAA-3PLBrown01-T2-0900X0900X0900-PO075","9x9x9","3","Brown","75"
"AAA-3PLBrown01-T2-0900X0900X0900-PO100","9x9x9","3","Brown","100"
"AAA-3PLBrown01-T2-1000X1000X1000-PO010","10x10x10","3","Brown","10"
"AAA-3PLBrown01-T2-1000X1000X1000-PO025","10x10x10","3","Brown","25"
"AAA-3PLBrown01-T2-1000X1000X1000-PO050","10x10x10","3","Brown","50"
"AAA-3PLBrown01-T2-1000X1000X1000-PO075","10x10x10","3","Brown","75"
"AAA-3PLBrown01-T2-1000X1000X1000-PO100","10x10x10","3","Brown","100"
"AAA-3PLBrown01-T2-1100X1100X1100-PO010","11x11x11","3","Brown","10"
"AAA-3PLBrown01-T2-1100X1100X1100-PO025","11x11x11","3","Brown","25"
"AAA-3PLBrown01-T2-1100X1100X1100-PO050","11x11x11","3","Brown","50"
"AAA-3PLBrown01-T2-1100X1100X1100-PO075","11x11x11","3","Brown","75"
"AAA-3PLBrown01-T2-1100X1100X1100-PO100","11x11x11","3","Brown","100"
"AAA-3PLBrown01-T2-1200X1200X1200-PO010","12x12x12","3","Brown","10"
"AAA-3PLBrown01-T2-1200X1200X1200-PO025","12x12x12","3","Brown","25"
"AAA-3PLBrown01-T2-1200X1200X1200-PO050","12x12x12","3","Brown","50"
"AAA-3PLBrown01-T2-1200X1200X1200-PO075","12x12x12","3","Brown","75"
"AAA-3PLBrown01-T2-1200X1200X1200-PO100","12x12x12","3","Brown","100"
"AAA-3PLBrown01-T2-1300X1300X1300-PO010","13x13x13","3","Brown","10"
"AAA-3PLBrown01-T2-1300X1300X1300-PO025","13x13x13","3","Brown","25"
"AAA-3PLBrown01-T2-1300X1300X1300-PO050","13x13x13","3","Brown","50"
"AAA-3PLBrown01-T2-1300X1300X1300-PO075","13x13x13","3","Brown","75"
"AAA-3PLBrown01-T2-1300X1300X1300-PO100","13x13x13","3","Brown","100"
"AAA-3PLBrown01-T2-1400X1400X1400-PO010","14x14x14","3","Brown","10"
"AAA-3PLBrown01-T2-1400X1400X1400-PO025","14x14x14","3","Brown","25"
"AAA-3PLBrown01-T2-1400X1400X1400-PO050","14x14x14","3","Brown","50"
"AAA-3PLBrown01-T2-1400X1400X1400-PO075","14x14x14","3","Brown","75"
"AAA-3PLBrown01-T2-1400X1400X1400-PO100","14x14x14","3","Brown","100"
"AAA-3PLBrown01-T2-1500X1500X1500-PO010","15x15x15","3","Brown","10"
"AAA-3PLBrown01-T2-1500X1500X1500-PO025","15x15x15","3","Brown","25"
"AAA-3PLBrown01-T2-1500X1500X1500-PO050","15x15x15","3","Brown","50"
"AAA-3PLBrown01-T2-1500X1500X1500-PO075","15x15x15","3","Brown","75"
"AAA-3PLBrown01-T2-1500X1500X1500-PO100","15x15x15","3","Brown","100"
"AAA-3PLBrown01-T2-1600X1600X1600-PO010","16x16x16","3","Brown","10"
"AAA-3PLBrown01-T2-1600X1600X1600-PO025","16x16x16","3","Brown","25"
"AAA-3PLBrown01-T2-1600X1600X1600-PO050","16x16x16","3","Brown","50"
"AAA-3PLBrown01-T2-1600X1600X1600-PO075","16x16x16","3","Brown","75"
"AAA-3PLBrown01-T2-1600X1600X1600-PO100","16x16x16","3","Brown","100"
"AAA-3PLBrown01-T2-1700X1700X1700-PO010","17x17x17","3","Brown","10"
"AAA-3PLBrown01-T2-1700X1700X1700-PO025","17x17x17","3","Brown","25"
"AAA-3PLBrown01-T2-1700X1700X1700-PO050","17x17x17","3","Brown","50"
"AAA-3PLBrown01-T2-1700X1700X1700-PO075","17x17x17","3","Brown","75"
"AAA-3PLBrown01-T2-1700X1700X1700-PO100","17x17x17","3","Brown","100"
"AAA-3PLBrown01-T2-1800X1800X1800-PO010","18x18x18","3","Brown","10"
"AAA-3PLBrown01-T2-1800X1800X1800-PO025","18x18x18","3","Brown","25"
"AAA-3PLBrown01-T2-1800X1800X1800-PO050","18x18x18","3","Brown","50"
"AAA-3PLBrown01-T2-1800X1800X1800-PO075","18x18x18","3","Brown","75"
"AAA-3PLBrown01-T2-1800X1800X1800-PO100","18x18x18","3","Brown","100"
"AAA-3PLBrown01-T2-1900X1900X1900-PO010","19x19x19","3","Brown","10"
"AAA-3PLBrown01-T2-1900X1900X1900-PO025","19x19x19","3","Brown","25"
"AAA-3PLBrown01-T2-1900X1900X1900-PO050","19x19x19","3","Brown","50"
"AAA-3PLBrown01-T2-1900X1900X1900-PO075","19x19x19","3","Brown","75"
"AAA-3PLBrown01-T2-1900X1900X1900-PO100","19x19x19","3","Brown","100"
"AAA-3PLBrown01-T2-2000X2000X2000-PO010","20x20x20","3","Brown","10"
"AAA-3PLBrown01-T2-2000X2000X2000-PO025","20x20x20","3","Brown","25"
"AAA-3PLBrown01-T2-2000X2000X2000-PO050","20x20x20","3","Brown","50"
"AAA-3PLBrown01-T2-2000X2000X2000-PO075","20x20x20","3","Brown","75"
"AAA-3PLBrown01-T2-2000X2000X2000-PO100","20x20x20","3","Brown","100"
"AAA-3PLBrown01-T2-2100X2100X2100-PO010","21x21x21","3","Brown","10"
"AAA-3PLBrown01-T2-2100X2100X2100-PO025","21x21x21","3","Brown","25"
"AAA-3PLBrown01-T2-2100X2100X2100-PO050","21x21x21","3","Brown","50"
"AAA-3PLBrown01-T2-2100X2100X2100-PO075","21x21x21","3","Brown","75"
"AAA-3PLBrown01-T2-2100X2100X2100-PO100","21x21x21","3","Brown","100"
"AAA-3PLBrown01-T2-2200X2200X2200-PO010","22x22x22","3","Brown","10"
"AAA-3PLBrown01-T2-2200X2200X2200-PO025","22x22x22","3","Brown","25"
"AAA-3PLBrown01-T2-2200X2200X2200-PO050","22x22x22","3","Brown","50"
"AAA-3PLBrown01-T2-2200X2200X2200-PO075","22x22x22","3","Brown","75"
"AAA-3PLBrown01-T2-2200X2200X2200-PO100","22x22x22","3","Brown","100"
"AAA-3PLBrown01-T2-2300X2300X2300-PO010","23x23x23","3","Brown","10"
"AAA-3PLBrown01-T2-2300X2300X2300-PO025","23x23x23","3","Brown","25"
"AAA-3PLBrown01-T2-2300X2300X2300-PO050","23x23x23","3","Brown","50"
"AAA-3PLBrown01-T2-2300X2300X2300-PO075","23x23x23","3","Brown","75"
"AAA-3PLBrown01-T2-2300X2300X2300-PO100","23x23x23","3","Brown","100"
"AAA-3PLBrown01-T2-2400X2400X2400-PO010","24x24x24","3","Brown","10"
"AAA-3PLBrown01-T2-2400X2400X2400-PO025","24x24x24","3","Brown","25"
"AAA-3PLBrown01-T2-2400X2400X2400-PO050","24x24x24","3","Brown","50"
"AAA-3PLBrown01-T2-2400X2400X2400-PO075","24x24x24","3","Brown","75"
"AAA-3PLBrown01-T2-2400X2400X2400-PO100","24x24x24","3","Brown","100"
"AAA-3PLBrown01-T2-2500X2500X2500-PO010","25x25x25","3","Brown","10"
"AAA-3PLBrown01-T2-2500X2500X2500-PO025","25x25x25","3","Brown","25"
"AAA-3PLBrown01-T2-2500X2500X2500-PO050","25x25x25","3","Brown","50"
"AAA-3PLBrown01-T2-2500X2500X2500-PO075","25x25x25","3","Brown","75"
"AAA-3PLBrown01-T2-2500X2500X2500-PO100","25x25x25","3","Brown","100"
"AAA-3PLBrown01-T2-2600X2600X2600-PO010","26x26x26","3","Brown","10"
"AAA-3PLBrown01-T2-2600X2600X2600-PO025","26x26x26","3","Brown","25"
"AAA-3PLBrown01-T2-2600X2600X2600-PO050","26x26x26","3","Brown","50"
"AAA-3PLBrown01-T2-2600X2600X2600-PO075","26x26x26","3","Brown","75"
"AAA-3PLBrown01-T2-2600X2600X2600-PO100","26x26x26","3","Brown","100"
"AAA-3PLBrown01-T2-2700X2700X2700-PO010","27x27x27","3","Brown","10"
"AAA-3PLBrown01-T2-2700X2700X2700-PO025","27x27x27","3","Brown","25"
"AAA-3PLBrown01-T2-2700X2700X2700-PO050","27x27x27","3","Brown","50"
"AAA-3PLBrown01-T2-2700X2700X2700-PO075","27x27x27","3","Brown","75"
"AAA-3PLBrown01-T2-2700X2700X2700-PO100","27x27x27","3","Brown","100"
"AAA-3PLBrown01-T2-2800X2800X2800-PO010","28x28x28","3","Brown","10"
"AAA-3PLBrown01-T2-2800X2800X2800-PO025","28x28x28","3","Brown","25"
"AAA-3PLBrown01-T2-2800X2800X2800-PO050","28x28x28","3","Brown","50"
"AAA-3PLBrown01-T2-2800X2800X2800-PO075","28x28x28","3","Brown","75"
"AAA-3PLBrown01-T2-2800X2800X2800-PO100","28x28x28","3","Brown","100"
"AAA-3PLBrown01-T2-2900X2900X2900-PO010","29x29x29","3","Brown","10"
"AAA-3PLBrown01-T2-2900X2900X2900-PO025","29x29x29","3","Brown","25"
"AAA-3PLBrown01-T2-2900X2900X2900-PO050","29x29x29","3","Brown","50"
"AAA-3PLBrown01-T2-2900X2900X2900-PO075","29x29x29","3","Brown","75"
"AAA-3PLBrown01-T2-2900X2900X2900-PO100","29x29x29","3","Brown","100"
"AAA-3PLBrown01-T2-3000X3000X3000-PO010","30x30x30","3","Brown","10"
"AAA-3PLBrown01-T2-3000X3000X3000-PO025","30x30x30","3","Brown","25"
"AAA-3PLBrown01-T2-3000X3000X3000-PO050","30x30x30","3","Brown","50"
"AAA-3PLBrown01-T2-3000X3000X3000-PO075","30x30x30","3","Brown","75"
"AAA-3PLBrown01-T2-3000X3000X3000-PO100","30x30x30","3","Brown","100"
"BA-GR-252401","","","",""
"Brwn001-PaprBG001","","","",""
"Brwn001-PaprBG002","","","",""
"Brwn001-PaprBG003","","","",""
"Brwn001-PaprBG004","","","",""
"Brwn001-PaprBG005","","","",""
"Brwn001-PaprBG006","","","",""
"CHSATTU001","","","",""
"CHSATTU002","","","",""
"CHSATTU003","","","",""
"CHSATTU004","","","",""
"CHSATTU006","","","",""
"CHSATTU007","","","",""
"CUSTOM","","","",""
"IN-3PL-BR-05X04X02-PO005#A-INB-ZZZ-P090","5x4x2","3","Brown","5"
"IN-3PL-BR-05X04X02-PO010#A-ZBZ-ZZZ-Z079","5x4x2","3","Brown","10"
"IN-3PL-BR-05X04X02-PO025#A-INB-ZZZ-P085","5x4x2","3","Brown","25"
"IN-3PL-BR-05X04X02-PO035#A-INB-ZZZ-P092","5x4x2","3","Brown","35"
"IN-3PL-BR-05X04X02-PO050#A-ZBZ-ZZZ-Z083","5x4x2","3","Brown","50"
"IN-3PL-BR-05X04X04-PO005#A-INB-ZZZ-P089","5x4x4","3","Brown","5"
"IN-3PL-BR-05X04X04-PO010#A-ZBZ-ZZZ-Z104","5x4x4","3","Brown","10"
"IN-3PL-BR-05X04X04-PO025#A-INB-ZZZ-P094","5x4x4","3","Brown","25"
"IN-3PL-BR-05X04X04-PO035#A-INB-ZZZ-P098","5x4x4","3","Brown","35"
"IN-3PL-BR-05X04X04-PO050#A-INB-ZZZ-P091","5x4x4","3","Brown","50"
"IN-3PL-BR-06X04X04-PO005#A-ZBZ-ZZZ-Z085","6x4x4","3","Brown","5"
"IN-3PL-BR-06X04X04-PO010#A-ZBZ-ZZZ-Z084","6x4x4","3","Brown","10"
"IN-3PL-BR-06X04X04-PO025#A-ZBZ-ZZZ-Z036","6x4x4","3","Brown","25"
"IN-3PL-BR-06X04X04-PO035#A-ZBZ-ZZZ-Z035","6x4x4","3","Brown","35"
"IN-3PL-BR-06X04X04-PO050#A-ZBZ-ZZZ-Z051","6x4x4","3","Brown","50"
"IN-3PL-BR-06X04X05-PO005#A-INB-ZZZ-P084","6x4x5","3","Brown","5"
"IN-3PL-BR-06X04X05-PO010#A-INB-ZZZ-P095","6x4x5","3","Brown","10"
"IN-3PL-BR-06X04X05-PO025#A-INB-ZZZ-P082","6x4x5","3","Brown","25"
"IN-3PL-BR-06X04X05-PO035#A-INB-ZZZ-P012","6x4x5","3","Brown","35"
"IN-3PL-BR-06X04X05-PO050#A-INB-ZZZ-P099","6x4x5","3","Brown","50"
"IN-3PL-BR-06X05X03-PO005#A-INB-ZZZ-P002","6x5x3","3","Brown","5"
"IN-3PL-BR-06X05X03-PO010#A-INB-ZZZ-P047","6x5x3","3","Brown","10"
"IN-3PL-BR-06X05X03-PO010#A-INB-ZZZ-P071","6x5x3","3","Brown","10"
"IN-3PL-BR-06X05X03-PO025#A-INB-ZZZ-P100","6x5x3","3","Brown","25"
"IN-3PL-BR-06X05X03-PO035#A-ZBZ-ZZZ-Z090","6x5x3","3","Brown","35"
"IN-3PL-BR-06X05X03-PO050#A-INB-ZZZ-P080","6x5x3","3","Brown","50"
"IN-3PL-BR-06X05X04-PO005#A-ZBZ-ZZZ-Z037","6x5x4","3","Brown","5"
"IN-3PL-BR-06X05X04-PO010#A-ZBZ-ZZZ-Z065","6x5x4","3","Brown","10"
"IN-3PL-BR-06X05X04-PO025#A-ZBZ-ZZZ-Z054","6x5x4","3","Brown","25"
"IN-3PL-BR-06X05X04-PO035#A-ZBZ-ZZZ-Z029","6x5x4","3","Brown","35"
"IN-3PL-BR-06X05X04-PO050#A-ZBZ-ZZZ-Z039","6x5x4","3","Brown","50"
"IN-3PL-BR-06X05X05-PO005#A-INB-ZZZ-D020","6x5x5","3","Brown","5"
"IN-3PL-BR-06X05X05-PO005#A-ZBZ-ZZZ-Z033","6x5x5","3","Brown","5"
"IN-3PL-BR-06X05X05-PO010#A-ZBZ-ZZZ-Z026","6x5x5","3","Brown","10"
"IN-3PL-BR-06X05X05-PO025#A-INB-ZZZ-P009","6x5x5","3","Brown","25"
"IN-3PL-BR-06X05X05-PO025#A-ZBZ-ZZZ-Z048","6x5x5","3","Brown","25"
"IN-3PL-BR-06X05X05-PO035#A-ZBZ-ZZZ-Z103","6x5x5","3","Brown","35"
"IN-3PL-BR-06X05X05-PO050#A-ZBZ-ZZZ-Z028","6x5x5","3","Brown","50"
"IN-3PL-BR-06X05X05-PO050#A-ZBZ-ZZZ-Z105","6x5x5","3","Brown","50"
"IN-3PL-BR-06X05X06-PO005#A-ZBZ-ZZZ-Z081","6x5x6","3","Brown","5"
"IN-3PL-BR-06X05X06-PO010#A-ZBZ-ZZZ-Z080","6x5x6","3","Brown","10"
"IN-3PL-BR-06X05X06-PO025#A-ZBZ-ZZZ-Z091","6x5x6","3","Brown","25"
"IN-3PL-BR-06X05X06-PO035#A-INB-ZZZ-P001","6x5x6","3","Brown","35"
"IN-3PL-BR-07X05X02-PO005#A-ZBZ-ZZZ-Z001","7x5x2","3","Brown","5"
"IN-3PL-BR-07X05X02-PO035#A-ZBZ-ZZZ-Z040","7x5x2","3","Brown","35"
"IN-3PL-BR-07X05X02-PO050#A-INB-ZZZ-P015","7x5x2","3","Brown","50"
"IN-3PL-BR-07X05X05-PO005#A-ZBZ-ZZZ-Z031","7x5x5","3","Brown","5"
"IN-3PL-BR-07X05X05-PO025#A-ZBZ-ZZZ-Z027","7x5x5","3","Brown","25"
"IN-3PL-BR-07X05X05-PO050#A-ZBZ-ZZZ-Z089","7x5x5","3","Brown","50"
"IN-3PL-BR-07X05X06-PO010#A-ZBZ-ZZZ-Z098","7x5x6","3","Brown","10"
"IN-3PL-BR-07X05X06-PO025#A-ZBZ-ZZZ-Z068","7x5x6","3","Brown","25"
"IN-3PL-BR-07X05X06-PO050#A-ZBZ-ZZZ-Z066","7x5x6","3","Brown","50"
"IN-3PL-BR-07X06X04-PO005#A-ZBZ-ZZZ-Z047","7x6x4","3","Brown","5"
"IN-3PL-BR-07X06X04-PO010#A-ZBZ-ZZZ-Z021","7x6x4","3","Brown","10"
"IN-3PL-BR-07X06X04-PO050#A-ZBZ-ZZZ-Z034","7x6x4","3","Brown","50"
"IN-3PL-BR-07X06X07-PO050#A-ZBZ-ZZZ-Z106","7x6x7","3","Brown","50"
"IN-3PL-BR-07X08X07-PO010#A-ZBZ-ZZZ-Z022","7x8x7","3","Brown","10"
"IN-3PL-BR-07X08X07-PO035#A-ZBZ-ZZZ-Z038","7x8x7","3","Brown","35"
"IN-3PL-BR-08X05X06-PO025#A-ZBZ-ZZZ-Z023","8x5x6","3","Brown","25"
"IN-3PL-BR-08X05X06-PO035#A-ZBZ-ZZZ-Z064","8x5x6","3","Brown","35"
"IN-3PL-BR-08X05X08-PO010#A-ZBZ-ZZZ-Z067","8x5x8","3","Brown","10"
"IN-3PL-BR-08X06X05-PO025#A-ZBZ-ZZZ-Z069","8x6x5","3","Brown","25"
"IN-3PL-BR-08X06X05-PO035#A-ZBZ-ZZZ-Z015","8x6x5","3","Brown","35"
"IN-3PL-BR-08X06X05-PO050#A-ZBZ-ZZZ-Z014","8x6x5","3","Brown","50"
"IN-3PL-BR-08X08X07-PO025#A-ZBZ-ZZZ-Z062","8x8x7","3","Brown","25"
"IN-3PL-BR-09X03X05-PO005#A-ZBZ-ZZZ-Z058","9x3x5","3","Brown","5"
"IN-3PL-BR-09X03X05-PO010#A-ZBZ-ZZZ-Z070","9x3x5","3","Brown","10"
"IN-3PL-BR-09X03X05-PO025#A-ZBZ-ZZZ-Z092","9x3x5","3","Brown","25"
"IN-3PL-BR-09X03X05-PO035#A-ZBZ-ZZZ-Z088","9x3x5","3","Brown","35"
"IN-3PL-BR-09X06X05-PO025#A-ZBZ-ZZZ-Z059","9x6x5","3","Brown","25"
"IN-3PL-BR-09X06X05-PO035#A-ZBZ-ZZZ-Z061","9x6x5","3","Brown","35"
"IN-3PL-BR-09X06X08-PO025#A-ZBZ-ZZZ-Z007","9x6x8","3","Brown","25"
"IN-3PL-BR-09X07X05-PO025#A-INB-ZZZ-P089","9x7x5","3","Brown","25"
"IN-3PL-BR-09X07X05-PO035#A-ZBZ-ZZZ-Z104","9x7x5","3","Brown","35"
"IN-3PL-BR-09X07X05-PO050#A-INB-ZZZ-P094","9x7x5","3","Brown","50"
"IN-3PL-BR-09X07X06-PO025#A-ZBZ-ZZZ-Z109","9x7x6","3","Brown","25"
"IN-3PL-BR-09X07X06-PO050#A-ZBZ-ZZZ-Z049","9x7x6","3","Brown","50"
"IN-3PL-BR-09X08X13-PO005#A-ZBZ-ZZZ-Z011","9x8x13","3","Brown","5"
"IN-3PL-BR-09X08X13-PO010#A-ZBZ-ZZZ-Z009","9x8x13","3","Brown","10"
"IN-3PL-BR-09X09X09-PO010#A-ZBZ-ZZZ-Z024","9x9x9","3","Brown","10"
"IN-3PL-BR-09X09X09-PO035#A-ZBZ-ZZZ-Z093","9x9x9","3","Brown","35"
"IN-3PL-BR-09X09X09-PO050#A-ZBZ-ZZZ-Z111","9x9x9","3","Brown","50"
"IN-3PL-BR-09X09X15-PO010#A-ZBZ-ZZZ-Z108","9x9x15","3","Brown","10"
"IN-3PL-BR-09X09X15-PO050#A-ZBZ-ZZZ-Z013","9x9x15","3","Brown","50"
"IN-3PL-BR-09X09X19-PO005#A-ZBZ-ZZZ-Z087","9x9x19","3","Brown","5"
"IN-3PL-BR-09X09X19-PO050#A-ZBZ-ZZZ-Z010","9x9x19","3","Brown","50"
"IN-3PL-BR-10X07X04-PO005#A-INB-ZZZ-P092","10x7x4","3","Brown","5"
"IN-3PL-BR-10X07X04-PO010#A-ZBZ-ZZZ-Z083","10x7x4","3","Brown","10"
"IN-3PL-BR-10X07X04-PO025#A-INB-ZZZ-P084","10x7x4","3","Brown","25"
"IN-3PL-BR-10X07X04-PO035#A-INB-ZZZ-P095","10x7x4","3","Brown","35"
"IN-3PL-BR-10X07X04-PO050#A-INB-ZZZ-P082","10x7x4","3","Brown","50"
"IN-3PL-BR-10X10X10-PO005#A-INB-ZZZ-P098","10x10x10","3","Brown","5"
"IN-3PL-BR-10X10X10-PO010#A-INB-ZZZ-P091","10x10x10","3","Brown","10"
"IN-3PL-BR-10X10X10-PO025#A-INB-ZZZ-P090","10x10x10","3","Brown","25"
"IN-3PL-BR-10X10X10-PO035#A-ZBZ-ZZZ-Z079","10x10x10","3","Brown","35"
"IN-3PL-BR-10X10X10-PO050#A-INB-ZZZ-P085","10x10x10","3","Brown","50"
"IN-3PL-BR-10X10X15-PO005#A-INB-ZZZ-P012","10x10x15","3","Brown","5"
"IN-3PL-BR-10X10X15-PO010#A-INB-ZZZ-P099","10x10x15","3","Brown","10"
"IN-3PL-BR-10X10X15-PO025#A-ZBZ-ZZZ-Z081","10x10x15","3","Brown","25"
"IN-3PL-BR-10X10X15-PO035#A-ZBZ-ZZZ-Z080","10x10x15","3","Brown","35"
"IN-3PL-BR-10X10X15-PO050#A-ZBZ-ZZZ-Z091","10x10x15","3","Brown","50"
"IN-3PL-BR-11X05X05-PO035#A-INB-ZZZ-P071","11x5x5","3","Brown","35"
"IN-3PL-BR-11X05X05-PO050#A-INB-ZZZ-P100","11x5x5","3","Brown","50"
"IN-3PL-BR-11X07X08-PO005#A-ZBZ-ZZZ-Z090","11x7x8","3","Brown","5"
"IN-3PL-BR-11X07X08-PO010#A-INB-ZZZ-P080","11x7x8","3","Brown","10"
"IN-3PL-BR-11X07X08-PO025#A-INB-ZZZ-D020","11x7x8","3","Brown","25"
"IN-3PL-BR-11X07X08-PO050#A-INB-ZZZ-P009","11x7x8","3","Brown","50"
"IN-3PL-BR-11X07X11-PO005#A-ZBZ-ZZZ-Z035","11x7x11","3","Brown","5"
"IN-3PL-BR-11X07X11-PO010#A-ZBZ-ZZZ-Z051","11x7x11","3","Brown","10"
"IN-3PL-BR-11X07X11-PO025#A-ZBZ-ZZZ-Z037","11x7x11","3","Brown","25"
"IN-3PL-BR-11X07X11-PO035#A-ZBZ-ZZZ-Z065","11x7x11","3","Brown","35"
"IN-3PL-BR-11X07X11-PO050#A-ZBZ-ZZZ-Z054","11x7x11","3","Brown","50"
"IN-3PL-BR-11X08X10-PO010#A-ZBZ-ZZZ-Z028","11x8x10","3","Brown","10"
"IN-3PL-BR-11X08X10-PO025#A-ZBZ-ZZZ-Z085","11x8x10","3","Brown","25"
"IN-3PL-BR-11X08X10-PO035#A-ZBZ-ZZZ-Z084","11x8x10","3","Brown","35"
"IN-3PL-BR-11X08X10-PO050#A-ZBZ-ZZZ-Z036","11x8x10","3","Brown","50"
"IN-3PL-BR-11X09X11-PO005#A-ZBZ-ZZZ-Z103","11x9x11","3","Brown","5"
"IN-3PL-BR-11X09X11-PO010#A-ZBZ-ZZZ-Z105","11x9x11","3","Brown","10"
"IN-3PL-BR-11X09X11-PO025#A-ZBZ-ZZZ-Z001","11x9x11","3","Brown","25"
"IN-3PL-BR-11X11X11-PO005#A-ZBZ-ZZZ-Z040","11x11x11","3","Brown","5"
"IN-3PL-BR-11X11X11-PO010#A-INB-ZZZ-P015","11x11x11","3","Brown","10"
"IN-3PL-BR-11X11X11-PO035#A-ZBZ-ZZZ-Z098","11x11x11","3","Brown","35"
"IN-3PL-BR-11X11X11-PO050#A-ZBZ-ZZZ-Z068","11x11x11","3","Brown","50"
"IN-3PL-BR-11X11X13-PO005#A-INB-ZZZ-P001","11x11x13","3","Brown","5"
"IN-3PL-BR-11X11X13-PO025#A-INB-ZZZ-P002","11x11x13","3","Brown","25"
"IN-3PL-BR-11X11X13-PO035#A-INB-ZZZ-P047","11x11x13","3","Brown","35"
"IN-3PL-BR-11X11X14-PO005#A-ZBZ-ZZZ-Z029","11x11x14","3","Brown","5"
"IN-3PL-BR-11X11X14-PO010#A-ZBZ-ZZZ-Z039","11x11x14","3","Brown","10"
"IN-3PL-BR-11X11X14-PO010#A-ZBZ-ZZZ-Z066","11x11x14","3","Brown","10"
"IN-3PL-BR-11X11X14-PO025#A-ZBZ-ZZZ-Z033","11x11x14","3","Brown","25"
"IN-3PL-BR-11X11X14-PO025#A-ZBZ-ZZZ-Z047","11x11x14","3","Brown","25"
"IN-3PL-BR-11X11X14-PO035#A-ZBZ-ZZZ-Z021","11x11x14","3","Brown","35"
"IN-3PL-BR-11X11X14-PO035#A-ZBZ-ZZZ-Z026","11x11x14","3","Brown","35"
"IN-3PL-BR-11X11X14-PO050#A-ZBZ-ZZZ-Z048","11x11x14","3","Brown","50"
"IN-3PL-BR-12X08X11-PO005#A-ZBZ-ZZZ-Z038","12x8x11","3","Brown","5"
"IN-3PL-BR-12X08X11-PO010#A-ZBZ-ZZZ-Z034","12x8x11","3","Brown","10"
"IN-3PL-BR-12X08X11-PO010#A-ZBZ-ZZZ-Z089","12x8x11","3","Brown","10"
"IN-3PL-BR-12X08X11-PO010#A-ZBZ-ZZZ-Z106","12x8x11","3","Brown","10"
"IN-3PL-BR-12X08X11-PO025#A-ZBZ-ZZZ-Z031","12x8x11","3","Brown","25"
"IN-3PL-BR-12X08X11-PO035#A-ZBZ-ZZZ-Z022","12x8x11","3","Brown","35"
"IN-3PL-BR-12X08X11-PO050#A-ZBZ-ZZZ-Z027","12x8x11","3","Brown","50"
"IN-3PL-BR-12X08X14-PO050#A-ZBZ-ZZZ-Z023","12x8x14","3","Brown","50"
"IN-3PL-BR-12X09X06-PO010#A-ZBZ-ZZZ-Z010","12x9x6","3","Brown","10"
"IN-3PL-BR-12X09X06-PO025#A-ZBZ-ZZZ-Z011","12x9x6","3","Brown","25"
"IN-3PL-BR-12X09X06-PO035#A-ZBZ-ZZZ-Z009","12x9x6","3","Brown","35"
"IN-3PL-BR-12X09X06-PO035#A-ZBZ-ZZZ-Z024","12x9x6","3","Brown","35"
"IN-3PL-BR-12X09X07-PO035#A-ZBZ-ZZZ-Z108","12x9x7","3","Brown","35"
"IN-3PL-BR-12X09X08-PO010#A-ZBZ-ZZZ-Z013","12x9x8","3","Brown","10"
"IN-3PL-BR-12X09X08-PO025#A-ZBZ-ZZZ-Z087","12x9x8","3","Brown","25"
"IN-3PL-BR-12X09X11-PO005#A-ZBZ-ZZZ-Z064","12x9x11","3","Brown","5"
"IN-3PL-BR-12X09X11-PO035#A-ZBZ-ZZZ-Z067","12x9x11","3","Brown","35"
"IN-3PL-BR-12X09X11-PO050#A-ZBZ-ZZZ-Z059","12x9x11","3","Brown","50"
"IN-3PL-BR-12X10X11-PO005#A-ZBZ-ZZZ-Z093","12x10x11","3","Brown","5"
"IN-3PL-BR-12X10X11-PO010#A-ZBZ-ZZZ-Z111","12x10x11","3","Brown","10"
"IN-3PL-BR-12X10X11-PO025#A-ZBZ-ZZZ-Z058","12x10x11","3","Brown","25"
"IN-3PL-BR-12X10X11-PO035#A-ZBZ-ZZZ-Z070","12x10x11","3","Brown","35"
"IN-3PL-BR-12X10X11-PO050#A-ZBZ-ZZZ-Z092","12x10x11","3","Brown","50"
"IN-3PL-BR-12X12X11-PO005#A-ZBZ-ZZZ-Z061","12x12x11","3","Brown","5"
"IN-3PL-BR-12X12X11-PO050#A-ZBZ-ZZZ-Z007","12x12x11","3","Brown","50"
"IN-3PL-BR-12X12X12-PO050#A-ZBZ-ZZZ-Z069","12x12x12","3","Brown","50"
"IN-3PL-BR-12X12X13-PO005#A-ZBZ-ZZZ-Z015","12x12x13","3","Brown","5"
"IN-3PL-BR-12X12X13-PO010#A-ZBZ-ZZZ-Z014","12x12x13","3","Brown","10"
"IN-3PL-BR-12X12X13-PO050#A-ZBZ-ZZZ-Z062","12x12x13","3","Brown","50"
"IN-3PL-BR-13X12X11-PO005#A-ZBZ-ZZZ-Z088","13x12x11","3","Brown","5"
"IN-3PL-BR-13X12X11-PO050#A-ZBZ-ZZZ-Z109","13x12x11","3","Brown","50"
"IN-3PL-BR-13X13X12-PO010#A-ZBZ-ZZZ-Z049","13x13x12","3","Brown","10"
"IN-3PL-BR-13X13X12-PO014#A-INB-ZZZ-P089","13x13x12","3","Brown","14"
"IN-3PL-BR-13X13X14-PO005#A-ZBZ-ZZZ-Z104","13x13x14","3","Brown","5"
"IN-3PL-BR-13X13X14-PO010#A-INB-ZZZ-P094","13x13x14","3","Brown","10"
"IN-3PL-BR-13X13X14-PO014#A-INB-ZZZ-P090","13x13x14","3","Brown","14"
"IN-3PL-BR-13X13X14-PO025#A-INB-ZZZ-P098","13x13x14","3","Brown","25"
"IN-3PL-BR-13X13X14-PO035#A-INB-ZZZ-P091","13x13x14","3","Brown","35"
"IN-3PL-BR-14X07X13-PO005#A-INB-ZZZ-P095","14x7x13","3","Brown","5"
"IN-3PL-BR-14X07X13-PO010#A-INB-ZZZ-P082","14x7x13","3","Brown","10"
"IN-3PL-BR-14X07X13-PO025#A-INB-ZZZ-P012","14x7x13","3","Brown","25"
"IN-3PL-BR-14X07X13-PO035#A-INB-ZZZ-P099","14x7x13","3","Brown","35"
"IN-3PL-BR-14X07X13-PO050#A-ZBZ-ZZZ-Z081","14x7x13","3","Brown","50"
"IN-3PL-BR-14X08X07-PO005#A-INB-ZZZ-P047","14x8x7","3","Brown","5"
"IN-3PL-BR-14X08X07-PO010#A-INB-ZZZ-P009","14x8x7","3","Brown","10"
"IN-3PL-BR-14X08X07-PO035#A-ZBZ-ZZZ-Z028","14x8x7","3","Brown","35"
"IN-3PL-BR-14X08X07-PO050#A-ZBZ-ZZZ-Z085","14x8x7","3","Brown","50"
"IN-3PL-BR-14X08X12-PO005#A-INB-ZZZ-P071","14x8x12","3","Brown","5"
"IN-3PL-BR-14X08X12-PO010#A-INB-ZZZ-P100","14x8x12","3","Brown","10"
"IN-3PL-BR-14X08X12-PO025#A-ZBZ-ZZZ-Z090","14x8x12","3","Brown","25"
"IN-3PL-BR-14X08X12-PO035#A-INB-ZZZ-P080","14x8x12","3","Brown","35"
"IN-3PL-BR-14X08X12-PO050#A-INB-ZZZ-D020","14x8x12","3","Brown","50"
"IN-3PL-BR-14X09X08-PO005#A-ZBZ-ZZZ-Z080","14x9x8","3","Brown","5"
"IN-3PL-BR-14X09X08-PO005#A-ZBZ-ZZZ-Z084","14x9x8","3","Brown","5"
"IN-3PL-BR-14X09X08-PO010#A-ZBZ-ZZZ-Z036","14x9x8","3","Brown","10"
"IN-3PL-BR-14X09X08-PO010#A-ZBZ-ZZZ-Z091","14x9x8","3","Brown","10"
"IN-3PL-BR-14X09X08-PO025#A-INB-ZZZ-P001","14x9x8","3","Brown","25"
"IN-3PL-BR-14X09X08-PO025#A-ZBZ-ZZZ-Z035","14x9x8","3","Brown","25"
"IN-3PL-BR-14X09X08-PO035#A-ZBZ-ZZZ-Z051","14x9x8","3","Brown","35"
"IN-3PL-BR-14X09X08-PO050#A-INB-ZZZ-P002","14x9x8","3","Brown","50"
"IN-3PL-BR-14X09X08-PO050#A-ZBZ-ZZZ-Z037","14x9x8","3","Brown","50"
"IN-3PL-BR-14X11X10-PO005#A-ZBZ-ZZZ-Z065","14x11x10","3","Brown","5"
"IN-3PL-BR-14X11X10-PO010#A-ZBZ-ZZZ-Z054","14x11x10","3","Brown","10"
"IN-3PL-BR-14X11X10-PO025#A-ZBZ-ZZZ-Z029","14x11x10","3","Brown","25"
"IN-3PL-BR-14X11X10-PO035#A-ZBZ-ZZZ-Z039","14x11x10","3","Brown","35"
"IN-3PL-BR-14X11X10-PO050#A-ZBZ-ZZZ-Z033","14x11x10","3","Brown","50"
"IN-3PL-BR-14X11X12-PO005#A-ZBZ-ZZZ-Z026","14x11x12","3","Brown","5"
"IN-3PL-BR-14X11X12-PO010#A-ZBZ-ZZZ-Z048","14x11x12","3","Brown","10"
"IN-3PL-BR-14X11X12-PO025#A-ZBZ-ZZZ-Z103","14x11x12","3","Brown","25"
"IN-3PL-BR-14X11X12-PO035#A-ZBZ-ZZZ-Z105","14x11x12","3","Brown","35"
"IN-3PL-BR-14X11X12-PO050#A-ZBZ-ZZZ-Z001","14x11x12","3","Brown","50"
"IN-3PL-BR-14X14X13-PO005#A-ZBZ-ZZZ-Z079","14x14x13","3","Brown","5"
"IN-3PL-BR-14X14X13-PO010#A-INB-ZZZ-P085","14x14x13","3","Brown","10"
"IN-3PL-BR-14X14X13-PO014#A-INB-ZZZ-P084","14x14x13","3","Brown","14"
"IN-3PL-BR-14X14X13-PO025#A-INB-ZZZ-P092","14x14x13","3","Brown","25"
"IN-3PL-BR-14X14X13-PO035#A-ZBZ-ZZZ-Z083","14x14x13","3","Brown","35"
"IN-3PL-BR-15X08X11-PO010#A-ZBZ-ZZZ-Z062","15x8x11","3","Brown","10"
"IN-3PL-BR-15X09X08-PO005#A-ZBZ-ZZZ-Z022","15x9x8","3","Brown","5"
"IN-3PL-BR-15X09X08-PO010#A-ZBZ-ZZZ-Z069","15x9x8","3","Brown","10"
"IN-3PL-BR-15X09X08-PO025#A-ZBZ-ZZZ-Z015","15x9x8","3","Brown","25"
"IN-3PL-BR-15X09X08-PO025#A-ZBZ-ZZZ-Z038","15x9x8","3","Brown","25"
"IN-3PL-BR-15X09X08-PO035#A-ZBZ-ZZZ-Z014","15x9x8","3","Brown","35"
"IN-3PL-BR-15X09X10-PO035#A-ZBZ-ZZZ-Z106","15x9x10","3","Brown","35"
"IN-3PL-BR-15X09X10-PO050#A-ZBZ-ZZZ-Z031","15x9x10","3","Brown","50"
"IN-3PL-BR-15X10X08-PO010#A-ZBZ-ZZZ-Z027","15x10x8","3","Brown","10"
"IN-3PL-BR-15X10X08-PO035#A-ZBZ-ZZZ-Z089","15x10x8","3","Brown","35"
"IN-3PL-BR-15X10X14-PO010#A-ZBZ-ZZZ-Z023","15x10x14","3","Brown","10"
"IN-3PL-BR-15X10X14-PO025#A-ZBZ-ZZZ-Z064","15x10x14","3","Brown","25"
"IN-3PL-BR-15X11X32-PO012#A-INB-ZZZ-P015","15x11x32","3","Brown","12"
"IN-3PL-BR-15X11X32-PO025#A-ZBZ-ZZZ-Z040","15x11x32","3","Brown","25"
"IN-3PL-BR-15X12X07-PO005#A-ZBZ-ZZZ-Z067","15x12x7","3","Brown","5"
"IN-3PL-BR-15X12X08-PO005#A-ZBZ-ZZZ-Z108","15x12x8","3","Brown","5"
"IN-3PL-BR-15X12X08-PO035#A-ZBZ-ZZZ-Z013","15x12x8","3","Brown","35"
"IN-3PL-BR-15X12X08-PO050#A-ZBZ-ZZZ-Z087","15x12x8","3","Brown","50"
"IN-3PL-BR-15X12X09-PO005#A-ZBZ-ZZZ-Z098","15x12x9","3","Brown","5"
"IN-3PL-BR-15X12X09-PO010#A-ZBZ-ZZZ-Z068","15x12x9","3","Brown","10"
"IN-3PL-BR-15X12X09-PO035#A-ZBZ-ZZZ-Z066","15x12x9","3","Brown","35"
"IN-3PL-BR-15X12X09-PO050#A-ZBZ-ZZZ-Z047","15x12x9","3","Brown","50"
"IN-3PL-BR-15X12X15-PO014#A-ZBZ-ZZZ-Z011","15x12x15","3","Brown","14"
"IN-3PL-BR-15X12X15-PO035#A-ZBZ-ZZZ-Z010","15x12x15","3","Brown","35"
"IN-3PL-BR-15X15X13-PO005#A-ZBZ-ZZZ-Z021","15x15x13","3","Brown","5"
"IN-3PL-BR-15X15X13-PO035#A-ZBZ-ZZZ-Z034","15x15x13","3","Brown","35"
"IN-3PL-BR-16X10X07-PO010#A-ZBZ-ZZZ-Z059","16x10x7","3","Brown","10"
"IN-3PL-BR-16X10X07-PO025#A-ZBZ-ZZZ-Z061","16x10x7","3","Brown","25"
"IN-3PL-BR-16X10X11-PO010#A-ZBZ-ZZZ-Z109","16x10x11","3","Brown","10"
"IN-3PL-BR-16X10X11-PO035#A-ZBZ-ZZZ-Z049","16x10x11","3","Brown","35"
"IN-3PL-BR-16X12X05-PO005#A-ZBZ-ZZZ-Z070","16x12x5","3","Brown","5"
"IN-3PL-BR-16X12X05-PO010#A-ZBZ-ZZZ-Z092","16x12x5","3","Brown","10"
"IN-3PL-BR-16X12X05-PO025#A-ZBZ-ZZZ-Z088","16x12x5","3","Brown","25"
"IN-3PL-BR-16X12X08-PO005#A-ZBZ-ZZZ-Z009","16x12x8","3","Brown","5"
"IN-3PL-BR-16X13X11-PO010#A-ZBZ-ZZZ-Z007","16x13x11","3","Brown","10"
"IN-3PL-BR-16X14X12-PO005#A-ZBZ-ZZZ-Z024","16x14x12","3","Brown","5"
"IN-3PL-BR-16X14X12-PO014#A-ZBZ-ZZZ-Z058","16x14x12","3","Brown","14"
"IN-3PL-BR-16X14X12-PO025#A-ZBZ-ZZZ-Z093","16x14x12","3","Brown","25"
"IN-3PL-BR-16X14X12-PO035#A-ZBZ-ZZZ-Z111","16x14x12","3","Brown","35"
"IN-3PL-BR-16X15X09-PO010#A-INB-ZZZ-P089","16x15x9","3","Brown","10"
"IN-3PL-BR-16X15X09-PO014#A-INB-ZZZ-P098","16x15x9","3","Brown","14"
"IN-3PL-BR-16X15X09-PO025#A-ZBZ-ZZZ-Z104","16x15x9","3","Brown","25"
"IN-3PL-BR-16X15X09-PO035#A-INB-ZZZ-P094","16x15x9","3","Brown","35"
"IN-3PL-BR-16X16X05-PO005#A-INB-ZZZ-P091","16x16x5","3","Brown","5"
"IN-3PL-BR-16X16X05-PO010#A-INB-ZZZ-P090","16x16x5","3","Brown","10"
"IN-3PL-BR-16X16X05-PO014#A-INB-ZZZ-P092","16x16x5","3","Brown","14"
"IN-3PL-BR-16X16X05-PO025#A-ZBZ-ZZZ-Z079","16x16x5","3","Brown","25"
"IN-3PL-BR-16X16X05-PO035#A-INB-ZZZ-P085","16x16x5","3","Brown","35"
"IN-3PL-BR-17X09X09-PO005#A-ZBZ-ZZZ-Z051","17x9x9","3","Brown","5"
"IN-3PL-BR-17X09X09-PO010#A-ZBZ-ZZZ-Z037","17x9x9","3","Brown","10"
"IN-3PL-BR-17X09X09-PO025#A-ZBZ-ZZZ-Z065","17x9x9","3","Brown","25"
"IN-3PL-BR-17X09X09-PO035#A-ZBZ-ZZZ-Z054","17x9x9","3","Brown","35"
"IN-3PL-BR-17X09X09-PO050#A-ZBZ-ZZZ-Z029","17x9x9","3","Brown","50"
"IN-3PL-BR-17X09X12-PO005#A-INB-ZZZ-P099","17x9x12","3","Brown","5"
"IN-3PL-BR-17X09X12-PO010#A-ZBZ-ZZZ-Z081","17x9x12","3","Brown","10"
"IN-3PL-BR-17X09X12-PO025#A-ZBZ-ZZZ-Z080","17x9x12","3","Brown","25"
"IN-3PL-BR-17X09X12-PO035#A-ZBZ-ZZZ-Z091","17x9x12","3","Brown","35"
"IN-3PL-BR-17X09X12-PO050#A-INB-ZZZ-P001","17x9x12","3","Brown","50"
"IN-3PL-BR-17X10X08-PO005#A-INB-ZZZ-P015","17x10x8","3","Brown","5"
"IN-3PL-BR-17X10X08-PO025#A-ZBZ-ZZZ-Z098","17x10x8","3","Brown","25"
"IN-3PL-BR-17X10X08-PO035#A-ZBZ-ZZZ-Z068","17x10x8","3","Brown","35"
"IN-3PL-BR-17X11X08-PO005#A-ZBZ-ZZZ-Z028","17x11x8","3","Brown","5"
"IN-3PL-BR-17X11X08-PO005#A-ZBZ-ZZZ-Z105","17x11x8","3","Brown","5"
"IN-3PL-BR-17X11X08-PO010#A-INB-ZZZ-P002","17x11x8","3","Brown","10"
"IN-3PL-BR-17X11X08-PO010#A-ZBZ-ZZZ-Z001","17x11x8","3","Brown","10"
"IN-3PL-BR-17X11X08-PO010#A-ZBZ-ZZZ-Z085","17x11x8","3","Brown","10"
"IN-3PL-BR-17X11X08-PO025#A-INB-ZZZ-P047","17x11x8","3","Brown","25"
"IN-3PL-BR-17X11X08-PO025#A-ZBZ-ZZZ-Z084","17x11x8","3","Brown","25"
"IN-3PL-BR-17X11X08-PO035#A-ZBZ-ZZZ-Z036","17x11x8","3","Brown","35"
"IN-3PL-BR-17X11X08-PO050#A-ZBZ-ZZZ-Z035","17x11x8","3","Brown","50"
"IN-3PL-BR-17X11X08-PO050#A-ZBZ-ZZZ-Z040","17x11x8","3","Brown","50"
"IN-3PL-BR-17X11X10-PO025#A-INB-ZZZ-P071","17x11x10","3","Brown","25"
"IN-3PL-BR-17X11X10-PO035#A-INB-ZZZ-P100","17x11x10","3","Brown","35"
"IN-3PL-BR-17X11X10-PO050#A-ZBZ-ZZZ-Z090","17x11x10","3","Brown","50"
"IN-3PL-BR-17X11X11-PO005#A-ZBZ-ZZZ-Z083","17x11x11","3","Brown","5"
"IN-3PL-BR-17X11X11-PO010#A-INB-ZZZ-P084","17x11x11","3","Brown","10"
"IN-3PL-BR-17X11X11-PO025#A-INB-ZZZ-P095","17x11x11","3","Brown","25"
"IN-3PL-BR-17X11X11-PO035#A-INB-ZZZ-P082","17x11x11","3","Brown","35"
"IN-3PL-BR-17X11X11-PO050#A-INB-ZZZ-P012","17x11x11","3","Brown","50"
"IN-3PL-BR-17X11X13-PO005#A-INB-ZZZ-P080","17x11x13","3","Brown","5"
"IN-3PL-BR-17X11X13-PO010#A-INB-ZZZ-D020","17x11x13","3","Brown","10"
"IN-3PL-BR-17X11X13-PO035#A-INB-ZZZ-P009","17x11x13","3","Brown","35"
"IN-3PL-BR-17X13X06-PO005#A-ZBZ-ZZZ-Z066","17x13x6","3","Brown","5"
"IN-3PL-BR-17X13X06-PO010#A-ZBZ-ZZZ-Z047","17x13x6","3","Brown","10"
"IN-3PL-BR-17X13X06-PO025#A-ZBZ-ZZZ-Z021","17x13x6","3","Brown","25"
"IN-3PL-BR-17X13X10-PO005#A-ZBZ-ZZZ-Z034","17x13x10","3","Brown","5"
"IN-3PL-BR-17X13X10-PO014#A-ZBZ-ZZZ-Z038","17x13x10","3","Brown","14"
"IN-3PL-BR-17X13X10-PO025#A-ZBZ-ZZZ-Z022","17x13x10","3","Brown","25"
"IN-3PL-BR-17X13X12-PO005#A-ZBZ-ZZZ-Z039","17x13x12","3","Brown","5"
"IN-3PL-BR-17X13X12-PO010#A-ZBZ-ZZZ-Z033","17x13x12","3","Brown","10"
"IN-3PL-BR-17X13X12-PO014#A-ZBZ-ZZZ-Z103","17x13x12","3","Brown","14"
"IN-3PL-BR-17X13X12-PO025#A-ZBZ-ZZZ-Z026","17x13x12","3","Brown","25"
"IN-3PL-BR-17X13X12-PO035#A-ZBZ-ZZZ-Z048","17x13x12","3","Brown","35"
"IN-3PL-BR-17X17X07-PO005#A-ZBZ-ZZZ-Z106","17x17x7","3","Brown","5"
"IN-3PL-BR-17X17X07-PO010#A-ZBZ-ZZZ-Z031","17x17x7","3","Brown","10"
"IN-3PL-BR-17X17X07-PO035#A-ZBZ-ZZZ-Z027","17x17x7","3","Brown","35"
"IN-3PL-BR-18X09X06-PO005#A-ZBZ-ZZZ-Z013","18x9x6","3","Brown","5"
"IN-3PL-BR-18X09X06-PO010#A-ZBZ-ZZZ-Z087","18x9x6","3","Brown","10"
"IN-3PL-BR-18X09X17-PO005#A-ZBZ-ZZZ-Z089","18x9x17","3","Brown","5"
"IN-3PL-BR-18X11X09-PO035#A-ZBZ-ZZZ-Z023","18x11x9","3","Brown","35"
"IN-3PL-BR-18X11X09-PO050#A-ZBZ-ZZZ-Z064","18x11x9","3","Brown","50"
"IN-3PL-BR-18X11X17-PO005#A-ZBZ-ZZZ-Z010","18x11x17","3","Brown","5"
"IN-3PL-BR-18X11X17-PO010#A-ZBZ-ZZZ-Z011","18x11x17","3","Brown","10"
"IN-3PL-BR-18X11X17-PO025#A-ZBZ-ZZZ-Z009","18x11x17","3","Brown","25"
"IN-3PL-BR-18X12X08-PO025#A-ZBZ-ZZZ-Z067","18x12x8","3","Brown","25"
"IN-3PL-BR-18X12X08-PO035#A-ZBZ-ZZZ-Z069","18x12x8","3","Brown","35"
"IN-3PL-BR-18X12X08-PO050#A-ZBZ-ZZZ-Z015","18x12x8","3","Brown","50"
"IN-3PL-BR-18X14X17-PO012#A-ZBZ-ZZZ-Z059","18x14x17","3","Brown","12"
"IN-3PL-BR-18X14X17-PO014#A-ZBZ-ZZZ-Z061","18x14x17","3","Brown","14"
"IN-3PL-BR-18X15X14-PO005#A-ZBZ-ZZZ-Z014","18x15x14","3","Brown","5"
"IN-3PL-BR-18X15X14-PO012#A-ZBZ-ZZZ-Z062","18x15x14","3","Brown","12"
"IN-3PL-BR-18X16X17-PO025#A-ZBZ-ZZZ-Z108","18x16x17","3","Brown","25"
"IN-3PL-BR-19X09X11-PO025#A-ZBZ-ZZZ-Z024","19x9x11","3","Brown","25"
"IN-3PL-BR-19X09X11-PO050#A-ZBZ-ZZZ-Z093","19x9x11","3","Brown","50"
"IN-3PL-BR-19X10X07-PO035#A-ZBZ-ZZZ-Z109","19x10x7","3","Brown","35"
"IN-3PL-BR-19X10X11-PO005#A-ZBZ-ZZZ-Z111","19x10x11","3","Brown","5"
"IN-3PL-BR-19X10X11-PO010#A-ZBZ-ZZZ-Z058","19x10x11","3","Brown","10"
"IN-3PL-BR-19X10X11-PO025#A-ZBZ-ZZZ-Z070","19x10x11","3","Brown","25"
"IN-3PL-BR-19X10X11-PO035#A-ZBZ-ZZZ-Z092","19x10x11","3","Brown","35"
"IN-3PL-BR-19X10X11-PO050#A-ZBZ-ZZZ-Z088","19x10x11","3","Brown","50"
"IN-3PL-BR-19X10X17-PO005#A-INB-ZZZ-P082","19x10x17","3","Brown","5"
"IN-3PL-BR-19X10X17-PO010#A-INB-ZZZ-P012","19x10x17","3","Brown","10"
"IN-3PL-BR-19X10X17-PO014#A-ZBZ-ZZZ-Z080","19x10x17","3","Brown","14"
"IN-3PL-BR-19X10X17-PO025#A-INB-ZZZ-P099","19x10x17","3","Brown","25"
"IN-3PL-BR-19X10X17-PO035#A-ZBZ-ZZZ-Z081","19x10x17","3","Brown","35"
"IN-3PL-BR-19X11X09-PO035#A-ZBZ-ZZZ-Z007","19x11x9","3","Brown","35"
"IN-3PL-BR-19X12X07-PO005#A-INB-ZZZ-P094","19x12x7","3","Brown","5"
"IN-3PL-BR-19X12X07-PO010#A-INB-ZZZ-P098","19x12x7","3","Brown","10"
"IN-3PL-BR-19X12X07-PO025#A-INB-ZZZ-P091","19x12x7","3","Brown","25"
"IN-3PL-BR-19X12X07-PO035#A-INB-ZZZ-P090","19x12x7","3","Brown","35"
"IN-3PL-BR-19X12X07-PO050#A-ZBZ-ZZZ-Z079","19x12x7","3","Brown","50"
"IN-3PL-BR-19X12X08-PO005#A-INB-ZZZ-P100","19x12x8","3","Brown","5"
"IN-3PL-BR-19X12X08-PO010#A-ZBZ-ZZZ-Z090","19x12x8","3","Brown","10"
"IN-3PL-BR-19X12X08-PO025#A-INB-ZZZ-P080","19x12x8","3","Brown","25"
"IN-3PL-BR-19X12X08-PO035#A-INB-ZZZ-D020","19x12x8","3","Brown","35"
"IN-3PL-BR-19X12X10-PO005#A-ZBZ-ZZZ-Z049","19x12x10","3","Brown","5"
"IN-3PL-BR-19X12X10-PO014#A-ZBZ-ZZZ-Z104","19x12x10","3","Brown","14"
"IN-3PL-BR-19X12X10-PO035#A-INB-ZZZ-P089","19x12x10","3","Brown","35"
"IN-3PL-BR-19X13X06-PO005#A-ZBZ-ZZZ-Z091","19x13x6","3","Brown","5"
"IN-3PL-BR-19X13X06-PO010#A-INB-ZZZ-P001","19x13x6","3","Brown","10"
"IN-3PL-BR-19X13X06-PO035#A-INB-ZZZ-P002","19x13x6","3","Brown","35"
"IN-3PL-BR-19X13X06-PO050#A-INB-ZZZ-P047","19x13x6","3","Brown","50"
"IN-3PL-BR-19X13X06-PO050#A-INB-ZZZ-P071","19x13x6","3","Brown","50"
"IN-3PL-BR-19X15X17-PO005#A-INB-ZZZ-P085","19x15x17","3","Brown","5"
"IN-3PL-BR-19X15X17-PO010#A-INB-ZZZ-P092","19x15x17","3","Brown","10"
"IN-3PL-BR-19X15X17-PO012#A-INB-ZZZ-P084","19x15x17","3","Brown","12"
"IN-3PL-BR-19X15X17-PO014#A-INB-ZZZ-P095","19x15x17","3","Brown","14"
"IN-3PL-BR-19X15X17-PO025#A-ZBZ-ZZZ-Z083","19x15x17","3","Brown","25"
"IN-3PL-BR-19X19X20-PO005#A-INB-ZZZ-P009","19x19x20","3","Brown","5"
"IN-3PL-BR-19X19X20-PO011#A-ZBZ-ZZZ-Z028","19x19x20","3","Brown","11"
"IN-3PL-BR-19X19X20-PO012#A-ZBZ-ZZZ-Z085","19x19x20","3","Brown","12"
"IN-3PL-BR-19X19X20-PO014#A-ZBZ-ZZZ-Z084","19x19x20","3","Brown","14"
"IN-3PL-BR-20X10X11-PO005#A-ZBZ-ZZZ-Z054","20x10x11","3","Brown","5"
"IN-3PL-BR-20X10X11-PO010#A-ZBZ-ZZZ-Z029","20x10x11","3","Brown","10"
"IN-3PL-BR-20X10X11-PO014#A-ZBZ-ZZZ-Z026","20x10x11","3","Brown","14"
"IN-3PL-BR-20X10X11-PO025#A-ZBZ-ZZZ-Z039","20x10x11","3","Brown","25"
"IN-3PL-BR-20X10X11-PO035#A-ZBZ-ZZZ-Z033","20x10x11","3","Brown","35"
"IN-3PL-BR-20X10X13-PO005#A-ZBZ-ZZZ-Z036","20x10x13","3","Brown","5"
"IN-3PL-BR-20X10X13-PO010#A-ZBZ-ZZZ-Z035","20x10x13","3","Brown","10"
"IN-3PL-BR-20X10X13-PO014#A-ZBZ-ZZZ-Z065","20x10x13","3","Brown","14"
"IN-3PL-BR-20X10X13-PO025#A-ZBZ-ZZZ-Z051","20x10x13","3","Brown","25"
"IN-3PL-BR-20X10X13-PO035#A-ZBZ-ZZZ-Z037","20x10x13","3","Brown","35"
"IN-3PL-BR-21X08X08-PO005#A-ZBZ-ZZZ-Z048","21x8x8","3","Brown","5"
"IN-3PL-BR-21X08X08-PO010#A-ZBZ-ZZZ-Z103","21x8x8","3","Brown","10"
"IN-3PL-BR-21X08X08-PO025#A-ZBZ-ZZZ-Z105","21x8x8","3","Brown","25"
"IN-3PL-BR-21X08X08-PO035#A-ZBZ-ZZZ-Z001","21x8x8","3","Brown","35"
"IN-3PL-BR-21X11X06-PO010#A-ZBZ-ZZZ-Z040","21x11x6","3","Brown","10"
"IN-3PL-BR-21X11X06-PO025#A-INB-ZZZ-P015","21x11x6","3","Brown","25"
"IN-3PL-BR-21X11X06-PO050#A-ZBZ-ZZZ-Z098","21x11x6","3","Brown","50"
"IN-3PL-BR-21X11X12-PO005#A-ZBZ-ZZZ-Z068","21x11x12","3","Brown","5"
"IN-3PL-BR-21X11X12-PO014#A-ZBZ-ZZZ-Z021","21x11x12","3","Brown","14"
"IN-3PL-BR-21X11X12-PO025#A-ZBZ-ZZZ-Z066","21x11x12","3","Brown","25"
"IN-3PL-BR-21X11X12-PO035#A-ZBZ-ZZZ-Z047","21x11x12","3","Brown","35"
"IN-3PL-BR-22X10X19-PO012#A-ZBZ-ZZZ-Z031","22x10x19","3","Brown","12"
"IN-3PL-BR-22X10X19-PO025#A-ZBZ-ZZZ-Z106","22x10x19","3","Brown","25"
"IN-3PL-BR-22X11X10-PO010#A-ZBZ-ZZZ-Z038","22x11x10","3","Brown","10"
"IN-3PL-BR-22X13X08-PO014#A-ZBZ-ZZZ-Z022","22x13x8","3","Brown","14"
"IN-3PL-BR-22X13X08-PO025#A-ZBZ-ZZZ-Z034","22x13x8","3","Brown","25"
"IN-3PL-BR-23X10X13-PO005#A-ZBZ-ZZZ-Z027","23x10x13","3","Brown","5"
"IN-3PL-BR-23X10X13-PO025#A-ZBZ-ZZZ-Z089","23x10x13","3","Brown","25"
"IN-3PL-BR-24X10X17-PO005#A-ZBZ-ZZZ-Z023","24x10x17","3","Brown","5"
"IN-3PL-BR-24X10X17-PO010#A-ZBZ-ZZZ-Z064","24x10x17","3","Brown","10"
"IN-3PL-BR-24X10X17-PO014#A-ZBZ-ZZZ-Z067","24x10x17","3","Brown","14"
"IN-3PL-BR-24X10X24-PO014#A-ZBZ-ZZZ-Z108","24x10x24","3","Brown","14"
"IN-3PL-BR-24X17X12-PO005#A-ZBZ-ZZZ-Z069","24x17x12","3","Brown","5"
"IN-3PL-BR-24X17X12-PO010#A-ZBZ-ZZZ-Z015","24x17x12","3","Brown","10"
"IN-3PL-BR-24X17X12-PO025#A-ZBZ-ZZZ-Z014","24x17x12","3","Brown","25"
"IN-3PL-BR-24X24X06-PO005#A-ZBZ-ZZZ-Z062","24x24x6","3","Brown","5"
"IN-3PL-BR-26X11X05-PO025#A-ZBZ-ZZZ-Z013","26x11x5","3","Brown","25"
"IN-3PL-BR-26X11X05-PO035#A-ZBZ-ZZZ-Z087","26x11x5","3","Brown","35"
"IN-3PL-BR-26X12X07-PO014#A-ZBZ-ZZZ-Z009","26x12x7","3","Brown","14"
"IN-3PL-BR-26X12X07-PO025#A-ZBZ-ZZZ-Z010","26x12x7","3","Brown","25"
"IN-3PL-BR-26X12X07-PO035#A-ZBZ-ZZZ-Z011","26x12x7","3","Brown","35"
"IN-3PL-BR-30X14X11-PO005#A-ZBZ-ZZZ-Z059","30x14x11","3","Brown","5"
"IN-3PL-BR-30X14X11-PO010#A-ZBZ-ZZZ-Z061","30x14x11","3","Brown","10"
"IN-3PL-BR-30X14X14-PO005#A-ZBZ-ZZZ-Z007","30x14x14","3","Brown","5"
"IN-3PL-BR-30X14X14-PO014#A-ZBZ-ZZZ-Z024","30x14x14","3","Brown","14"
"IN-3PL-BR-32X16X21-PO010#A-ZBZ-ZZZ-Z093","32x16x21","3","Brown","10"
"IN-3PL-BR-32X16X21-PO011#A-ZBZ-ZZZ-Z111","32x16x21","3","Brown","11"
"IN-3PL-BR-32X16X21-PO012#A-ZBZ-ZZZ-Z058","32x16x21","3","Brown","12"
"IN-3PL-BR-32X16X21-PO014#A-ZBZ-ZZZ-Z070","32x16x21","3","Brown","14"
"IN-3PL-BR-41X14X07-PO005#A-ZBZ-ZZZ-Z092","41x14x7","3","Brown","5"
"IN-3PL-BR-41X14X07-PO010#A-ZBZ-ZZZ-Z088","41x14x7","3","Brown","10"
"IN-3PL-BR-59X14X07-PO005#A-ZBZ-ZZZ-Z109","59x14x7","3","Brown","5"
"IN-3PL-BR-59X14X07-PO011#A-ZBZ-ZZZ-Z049","59x14x7","3","Brown","11"
"IN-5PL-BR-06X05X03-PO005#A-INB-ZZZ-P078","6x5x3","5","Brown","5"
"IN-5PL-BR-06X05X03-PO025#A-ZBZ-ZZZ-Z043","6x5x3","5","Brown","25"
"IN-5PL-BR-06X05X03-PO035#A-ZBZ-ZZZ-Z042","6x5x3","5","Brown","35"
"IN-5PL-BR-06X05X03-PO050#A-ZBZ-ZZZ-Z046","6x5x3","5","Brown","50"
"IN-5PL-BR-06X05X05-PO010#A-ZBZ-ZZZ-Z045","6x5x5","5","Brown","10"
"IN-5PL-BR-06X05X05-PO035#A-ZBZ-ZZZ-Z044","6x5x5","5","Brown","35"
"IN-5PL-BR-06X05X06-PO050#A-ZBZ-ZZZ-Z056","6x5x6","5","Brown","50"
"IN-5PL-BR-07X05X02-PO010#A-ZBZ-ZZZ-Z004","7x5x2","5","Brown","10"
"IN-5PL-BR-07X05X02-PO025#A-ZBZ-ZZZ-Z025","7x5x2","5","Brown","25"
"IN-5PL-BR-07X05X05-PO010#A-ZBZ-ZZZ-Z005","7x5x5","5","Brown","10"
"IN-5PL-BR-07X05X05-PO035#A-ZBZ-ZZZ-Z019","7x5x5","5","Brown","35"
"IN-5PL-BR-07X05X06-PO005#A-ZBZ-ZZZ-Z113","7x5x6","5","Brown","5"
"IN-5PL-BR-07X05X06-PO035#A-ZBZ-ZZZ-Z107","7x5x6","5","Brown","35"
"IN-5PL-BR-07X06X06-PO005#A-ZBZ-ZZZ-Z055","7x6x6","5","Brown","5"
"IN-5PL-BR-07X06X06-PO010#A-ZBZ-ZZZ-Z100","7x6x6","5","Brown","10"
"IN-5PL-BR-07X06X06-PO025#A-ZBZ-ZZZ-Z114","7x6x6","5","Brown","25"
"IN-5PL-BR-07X06X06-PO035#A-ZBZ-ZZZ-Z071","7x6x6","5","Brown","35"
"IN-5PL-BR-07X06X06-PO050#A-ZBZ-ZZZ-Z099","7x6x6","5","Brown","50"
"IN-5PL-BR-07X06X07-PO005#A-ZBZ-ZZZ-Z053","7x6x7","5","Brown","5"
"IN-5PL-BR-07X06X07-PO010#A-ZBZ-ZZZ-Z052","7x6x7","5","Brown","10"
"IN-5PL-BR-07X06X07-PO025#A-ZBZ-ZZZ-Z016","7x6x7","5","Brown","25"
"IN-5PL-BR-07X08X07-PO005#A-ZBZ-ZZZ-Z003","7x8x7","5","Brown","5"
"IN-5PL-BR-07X08X07-PO025#A-ZBZ-ZZZ-Z002","7x8x7","5","Brown","25"
"IN-5PL-BR-08X02X05-PO010#A-ZBZ-ZZZ-Z018","8x2x5","5","Brown","10"
"IN-5PL-BR-08X02X05-PO025#A-MST-VFB-P049","8x2x5","5","Brown","25"
"IN-5PL-BR-08X02X05-PO035#A-ZBZ-ZZZ-Z078","8x2x5","5","Brown","35"
"IN-5PL-BR-08X02X05-PO050#A-ZBZ-ZZZ-Z082","8x2x5","5","Brown","50"
"IN-5PL-BR-08X05X06-PO005#A-ZBZ-ZZZ-Z060","8x5x6","5","Brown","5"
"IN-5PL-BR-08X05X06-PO050#A-ZBZ-ZZZ-Z020","8x5x6","5","Brown","50"
"IN-5PL-BR-08X05X08-PO005#A-ZBZ-ZZZ-Z097","8x5x8","5","Brown","5"
"IN-5PL-BR-08X05X08-PO025#A-MST-VFB-P066","8x5x8","5","Brown","25"
"IN-5PL-BR-08X05X08-PO035#A-ZBZ-ZZZ-Z102","8x5x8","5","Brown","35"
"IN-5PL-BR-08X06X05-PO005#A-ZBZ-ZZZ-Z076","8x6x5","5","Brown","5"
"IN-5PL-BR-08X08X07-PO005#A-ZBZ-ZZZ-Z057","8x8x7","5","Brown","5"
"IN-5PL-BR-08X08X07-PO050#A-ZBZ-ZZZ-Z017","8x8x7","5","Brown","50"
"IN-5PL-BR-09X03X05-PO050#A-ZBZ-ZZZ-Z074","9x3x5","5","Brown","50"
"IN-5PL-BR-09X06X05-PO005#A-MST-VFB-P067","9x6x5","5","Brown","5"
"IN-5PL-BR-09X06X05-PO010#A-MST-VFB-D019","9x6x5","5","Brown","10"
"IN-5PL-BR-09X06X08-PO005#A-ZBZ-ZZZ-Z063","9x6x8","5","Brown","5"
"IN-5PL-BR-09X06X08-PO035#A-ZBZ-ZZZ-Z008","9x6x8","5","Brown","35"
"IN-5PL-BR-09X06X08-PO050#A-ZBZ-ZZZ-Z075","9x6x8","5","Brown","50"
"IN-5PL-BR-09X07X05-PO005#A-ZBZ-ZZZ-Z073","9x7x5","5","Brown","5"
"IN-5PL-BR-09X07X05-PO010#A-ZBZ-ZZZ-Z072","9x7x5","5","Brown","10"
"IN-5PL-BR-09X07X06-PO005#A-ZBZ-ZZZ-Z094","9x7x6","5","Brown","5"
"IN-5PL-BR-09X07X06-PO010#A-ZBZ-ZZZ-Z110","9x7x6","5","Brown","10"
"IN-5PL-BR-09X07X06-PO035#A-ZBZ-ZZZ-Z096","9x7x6","5","Brown","35"
"IN-5PL-BR-09X08X13-PO025#A-ZBZ-ZZZ-Z101","9x8x13","5","Brown","25"
"IN-5PL-BR-09X08X13-PO050#A-MST-VFB-P072","9x8x13","5","Brown","50"
"IN-5PL-BR-09X09X09-PO025#A-MST-VFB-P081","9x9x9","5","Brown","25"
"IN-5PL-BR-09X09X15-PO035#A-ZBZ-ZZZ-Z112","9x9x15","5","Brown","35"
"IN-5PL-BR-09X09X19-PO010#A-ZBZ-ZZZ-Z086","9x9x19","5","Brown","10"
"IN-5PL-BR-09X09X19-PO025#A-ZBZ-ZZZ-Z012","9x9x19","5","Brown","25"
"IN-5PL-BR-09X09X19-PO035#A-MST-VFB-P004","9x9x19","5","Brown","35"
"IN-5PL-BR-11X05X05-PO005#A-ZBZ-ZZZ-Z042","11x5x5","5","Brown","5"
"IN-5PL-BR-11X05X05-PO010#A-ZBZ-ZZZ-Z046","11x5x5","5","Brown","10"
"IN-5PL-BR-11X05X05-PO025#A-INB-ZZZ-P078","11x5x5","5","Brown","25"
"IN-5PL-BR-11X07X08-PO035#A-ZBZ-ZZZ-Z045","11x7x8","5","Brown","35"
"IN-5PL-BR-11X08X10-PO005#A-ZBZ-ZZZ-Z044","11x8x10","5","Brown","5"
"IN-5PL-BR-11X09X11-PO035#A-ZBZ-ZZZ-Z004","11x9x11","5","Brown","35"
"IN-5PL-BR-11X09X11-PO050#A-ZBZ-ZZZ-Z025","11x9x11","5","Brown","50"
"IN-5PL-BR-11X11X11-PO025#A-ZBZ-ZZZ-Z113","11x11x11","5","Brown","25"
"IN-5PL-BR-11X11X13-PO010#A-ZBZ-ZZZ-Z056","11x11x13","5","Brown","10"
"IN-5PL-BR-11X11X13-PO050#A-ZBZ-ZZZ-Z043","11x11x13","5","Brown","50"
"IN-5PL-BR-11X11X14-PO005#A-ZBZ-ZZZ-Z107","11x11x14","5","Brown","5"
"IN-5PL-BR-12X08X10-PO005#A-ZBZ-ZZZ-Z071","12x8x10","5","Brown","5"
"IN-5PL-BR-12X08X10-PO010#A-ZBZ-ZZZ-Z099","12x8x10","5","Brown","10"
"IN-5PL-BR-12X08X10-PO035#A-ZBZ-ZZZ-Z018","12x8x10","5","Brown","35"
"IN-5PL-BR-12X08X10-PO050#A-MST-VFB-P049","12x8x10","5","Brown","50"
"IN-5PL-BR-12X08X11-PO005#A-ZBZ-ZZZ-Z019","12x8x11","5","Brown","5"
"IN-5PL-BR-12X08X11-PO025#A-ZBZ-ZZZ-Z003","12x8x11","5","Brown","25"
"IN-5PL-BR-12X08X11-PO025#A-ZBZ-ZZZ-Z053","12x8x11","5","Brown","25"
"IN-5PL-BR-12X08X11-PO025#A-ZBZ-ZZZ-Z055","12x8x11","5","Brown","25"
"IN-5PL-BR-12X08X11-PO035#A-ZBZ-ZZZ-Z005","12x8x11","5","Brown","35"
"IN-5PL-BR-12X08X11-PO035#A-ZBZ-ZZZ-Z052","12x8x11","5","Brown","35"
"IN-5PL-BR-12X08X11-PO035#A-ZBZ-ZZZ-Z100","12x8x11","5","Brown","35"
"IN-5PL-BR-12X08X11-PO050#A-ZBZ-ZZZ-Z002","12x8x11","5","Brown","50"
"IN-5PL-BR-12X08X11-PO050#A-ZBZ-ZZZ-Z016","12x8x11","5","Brown","50"
"IN-5PL-BR-12X08X11-PO050#A-ZBZ-ZZZ-Z114","12x8x11","5","Brown","50"
"IN-5PL-BR-12X08X14-PO010#A-ZBZ-ZZZ-Z017","12x8x14","5","Brown","10"
"IN-5PL-BR-12X08X14-PO025#A-ZBZ-ZZZ-Z060","12x8x14","5","Brown","25"
"IN-5PL-BR-12X09X06-PO005#A-MST-VFB-P004","12x9x6","5","Brown","5"
"IN-5PL-BR-12X09X06-PO005#A-ZBZ-ZZZ-Z008","12x9x6","5","Brown","5"
"IN-5PL-BR-12X09X06-PO010#A-ZBZ-ZZZ-Z075","12x9x6","5","Brown","10"
"IN-5PL-BR-12X09X06-PO050#A-MST-VFB-P081","12x9x6","5","Brown","50"
"IN-5PL-BR-12X09X06-PO050#A-ZBZ-ZZZ-Z101","12x9x6","5","Brown","50"
"IN-5PL-BR-12X09X07-PO005#A-ZBZ-ZZZ-Z102","12x9x7","5","Brown","5"
"IN-5PL-BR-12X09X08-PO005#A-ZBZ-ZZZ-Z112","12x9x8","5","Brown","5"
"IN-5PL-BR-12X09X08-PO035#A-ZBZ-ZZZ-Z086","12x9x8","5","Brown","35"
"IN-5PL-BR-12X09X08-PO050#A-ZBZ-ZZZ-Z012","12x9x8","5","Brown","50"
"IN-5PL-BR-12X09X11-PO010#A-MST-VFB-P072","12x9x11","5","Brown","10"
"IN-5PL-BR-12X09X11-PO010#A-ZBZ-ZZZ-Z020","12x9x11","5","Brown","10"
"IN-5PL-BR-12X09X11-PO025#A-MST-VFB-P067","12x9x11","5","Brown","25"
"IN-5PL-BR-12X09X11-PO025#A-ZBZ-ZZZ-Z097","12x9x11","5","Brown","25"
"IN-5PL-BR-12X09X11-PO035#A-MST-VFB-D019","12x9x11","5","Brown","35"
"IN-5PL-BR-12X09X11-PO050#A-MST-VFB-P066","12x9x11","5","Brown","50"
"IN-5PL-BR-12X12X11-PO025#A-ZBZ-ZZZ-Z063","12x12x11","5","Brown","25"
"IN-5PL-BR-12X12X12-PO005#A-ZBZ-ZZZ-Z078","12x12x12","5","Brown","5"
"IN-5PL-BR-12X12X12-PO010#A-ZBZ-ZZZ-Z082","12x12x12","5","Brown","10"
"IN-5PL-BR-12X12X12-PO025#A-ZBZ-ZZZ-Z076","12x12x12","5","Brown","25"
"IN-5PL-BR-12X12X13-PO025#A-ZBZ-ZZZ-Z057","12x12x13","5","Brown","25"
"IN-5PL-BR-13X12X11-PO010#A-ZBZ-ZZZ-Z074","13x12x11","5","Brown","10"
"IN-5PL-BR-13X12X11-PO025#A-ZBZ-ZZZ-Z094","13x12x11","5","Brown","25"
"IN-5PL-BR-13X12X11-PO035#A-ZBZ-ZZZ-Z110","13x12x11","5","Brown","35"
"IN-5PL-BR-13X13X12-PO005#A-ZBZ-ZZZ-Z096","13x13x12","5","Brown","5"
"IN-5PL-BR-13X13X12-PO025#A-ZBZ-ZZZ-Z073","13x13x12","5","Brown","25"
"IN-5PL-BR-13X13X12-PO035#A-ZBZ-ZZZ-Z072","13x13x12","5","Brown","35"
"IN-5PL-BR-14X08X07-PO005#A-ZBZ-ZZZ-Z045","14x8x7","5","Brown","5"
"IN-5PL-BR-14X08X07-PO010#A-ZBZ-ZZZ-Z043","14x8x7","5","Brown","10"
"IN-5PL-BR-14X08X07-PO025#A-ZBZ-ZZZ-Z042","14x8x7","5","Brown","25"
"IN-5PL-BR-14X08X07-PO025#A-ZBZ-ZZZ-Z044","14x8x7","5","Brown","25"
"IN-5PL-BR-14X08X07-PO035#A-ZBZ-ZZZ-Z046","14x8x7","5","Brown","35"
"IN-5PL-BR-14X08X07-PO050#A-INB-ZZZ-P078","14x8x7","5","Brown","50"
"IN-5PL-BR-14X09X08-PO035#A-ZBZ-ZZZ-Z056","14x9x8","5","Brown","35"
"IN-5PL-BR-15X08X11-PO035#A-ZBZ-ZZZ-Z017","15x8x11","5","Brown","35"
"IN-5PL-BR-15X08X11-PO050#A-ZBZ-ZZZ-Z060","15x8x11","5","Brown","50"
"IN-5PL-BR-15X09X08-PO010#A-ZBZ-ZZZ-Z002","15x9x8","5","Brown","10"
"IN-5PL-BR-15X09X08-PO050#A-ZBZ-ZZZ-Z053","15x9x8","5","Brown","50"
"IN-5PL-BR-15X09X08-PO050#A-ZBZ-ZZZ-Z057","15x9x8","5","Brown","50"
"IN-5PL-BR-15X09X10-PO005#A-ZBZ-ZZZ-Z052","15x9x10","5","Brown","5"
"IN-5PL-BR-15X09X10-PO010#A-ZBZ-ZZZ-Z016","15x9x10","5","Brown","10"
"IN-5PL-BR-15X10X08-PO005#A-ZBZ-ZZZ-Z005","15x10x8","5","Brown","5"
"IN-5PL-BR-15X10X08-PO025#A-ZBZ-ZZZ-Z019","15x10x8","5","Brown","25"
"IN-5PL-BR-15X10X08-PO050#A-ZBZ-ZZZ-Z055","15x10x8","5","Brown","50"
"IN-5PL-BR-15X10X14-PO035#A-ZBZ-ZZZ-Z020","15x10x14","5","Brown","35"
"IN-5PL-BR-15X10X14-PO050#A-ZBZ-ZZZ-Z097","15x10x14","5","Brown","50"
"IN-5PL-BR-15X11X06-PO005#A-ZBZ-ZZZ-Z100","15x11x6","5","Brown","5"
"IN-5PL-BR-15X11X06-PO010#A-ZBZ-ZZZ-Z114","15x11x6","5","Brown","10"
"IN-5PL-BR-15X11X06-PO025#A-ZBZ-ZZZ-Z071","15x11x6","5","Brown","25"
"IN-5PL-BR-15X11X06-PO035#A-ZBZ-ZZZ-Z099","15x11x6","5","Brown","35"
"IN-5PL-BR-15X11X32-PO005#A-ZBZ-ZZZ-Z004","15x11x32","5","Brown","5"
"IN-5PL-BR-15X11X32-PO010#A-ZBZ-ZZZ-Z025","15x11x32","5","Brown","10"
"IN-5PL-BR-15X11X32-PO014#A-ZBZ-ZZZ-Z113","15x11x32","5","Brown","14"
"IN-5PL-BR-15X12X07-PO010#A-MST-VFB-P066","15x12x7","5","Brown","10"
"IN-5PL-BR-15X12X07-PO025#A-ZBZ-ZZZ-Z102","15x12x7","5","Brown","25"
"IN-5PL-BR-15X12X08-PO025#A-ZBZ-ZZZ-Z112","15x12x8","5","Brown","25"
"IN-5PL-BR-15X12X09-PO025#A-ZBZ-ZZZ-Z107","15x12x9","5","Brown","25"
"IN-5PL-BR-15X12X15-PO005#A-ZBZ-ZZZ-Z086","15x12x15","5","Brown","5"
"IN-5PL-BR-15X12X15-PO010#A-ZBZ-ZZZ-Z012","15x12x15","5","Brown","10"
"IN-5PL-BR-15X12X15-PO025#A-MST-VFB-P004","15x12x15","5","Brown","25"
"IN-5PL-BR-15X15X07-PO005#A-ZBZ-ZZZ-Z018","15x15x7","5","Brown","5"
"IN-5PL-BR-15X15X07-PO010#A-MST-VFB-P049","15x15x7","5","Brown","10"
"IN-5PL-BR-15X15X07-PO014#A-ZBZ-ZZZ-Z076","15x15x7","5","Brown","14"
"IN-5PL-BR-15X15X07-PO025#A-ZBZ-ZZZ-Z078","15x15x7","5","Brown","25"
"IN-5PL-BR-15X15X07-PO035#A-ZBZ-ZZZ-Z082","15x15x7","5","Brown","35"
"IN-5PL-BR-15X15X13-PO014#A-ZBZ-ZZZ-Z003","15x15x13","5","Brown","14"
"IN-5PL-BR-16X10X07-PO005#A-MST-VFB-D019","16x10x7","5","Brown","5"
"IN-5PL-BR-16X10X07-PO050#A-ZBZ-ZZZ-Z063","16x10x7","5","Brown","50"
"IN-5PL-BR-16X10X11-PO005#A-ZBZ-ZZZ-Z110","16x10x11","5","Brown","5"
"IN-5PL-BR-16X10X11-PO025#A-ZBZ-ZZZ-Z096","16x10x11","5","Brown","25"
"IN-5PL-BR-16X10X11-PO050#A-ZBZ-ZZZ-Z073","16x10x11","5","Brown","50"
"IN-5PL-BR-16X12X05-PO035#A-ZBZ-ZZZ-Z074","16x12x5","5","Brown","35"
"IN-5PL-BR-16X12X05-PO050#A-ZBZ-ZZZ-Z094","16x12x5","5","Brown","50"
"IN-5PL-BR-16X12X08-PO010#A-ZBZ-ZZZ-Z101","16x12x8","5","Brown","10"
"IN-5PL-BR-16X12X08-PO035#A-MST-VFB-P072","16x12x8","5","Brown","35"
"IN-5PL-BR-16X12X08-PO050#A-MST-VFB-P067","16x12x8","5","Brown","50"
"IN-5PL-BR-16X13X11-PO025#A-ZBZ-ZZZ-Z008","16x13x11","5","Brown","25"
"IN-5PL-BR-16X13X11-PO035#A-ZBZ-ZZZ-Z075","16x13x11","5","Brown","35"
"IN-5PL-BR-16X14X12-PO010#A-MST-VFB-P081","16x14x12","5","Brown","10"
"IN-5PL-BR-16X15X09-PO005#A-ZBZ-ZZZ-Z072","16x15x9","5","Brown","5"
"IN-5PL-BR-17X10X08-PO010#A-ZBZ-ZZZ-Z113","17x10x8","5","Brown","10"
"IN-5PL-BR-17X10X08-PO050#A-ZBZ-ZZZ-Z107","17x10x8","5","Brown","50"
"IN-5PL-BR-17X11X08-PO005#A-ZBZ-ZZZ-Z056","17x11x8","5","Brown","5"
"IN-5PL-BR-17X11X08-PO025#A-ZBZ-ZZZ-Z004","17x11x8","5","Brown","25"
"IN-5PL-BR-17X11X08-PO035#A-ZBZ-ZZZ-Z025","17x11x8","5","Brown","35"
"IN-5PL-BR-17X11X08-PO035#A-ZBZ-ZZZ-Z043","17x11x8","5","Brown","35"
"IN-5PL-BR-17X11X08-PO050#A-ZBZ-ZZZ-Z042","17x11x8","5","Brown","50"
"IN-5PL-BR-17X11X10-PO005#A-ZBZ-ZZZ-Z046","17x11x10","5","Brown","5"
"IN-5PL-BR-17X11X10-PO010#A-INB-ZZZ-P078","17x11x10","5","Brown","10"
"IN-5PL-BR-17X11X13-PO014#A-ZBZ-ZZZ-Z044","17x11x13","5","Brown","14"
"IN-5PL-BR-17X11X13-PO025#A-ZBZ-ZZZ-Z045","17x11x13","5","Brown","25"
"IN-5PL-BR-17X13X10-PO010#A-ZBZ-ZZZ-Z003","17x13x10","5","Brown","10"
"IN-5PL-BR-17X13X10-PO035#A-ZBZ-ZZZ-Z002","17x13x10","5","Brown","35"
"IN-5PL-BR-17X14X09-PO010#A-ZBZ-ZZZ-Z053","17x14x9","5","Brown","10"
"IN-5PL-BR-17X14X09-PO025#A-ZBZ-ZZZ-Z052","17x14x9","5","Brown","25"
"IN-5PL-BR-17X14X09-PO035#A-ZBZ-ZZZ-Z016","17x14x9","5","Brown","35"
"IN-5PL-BR-17X17X07-PO014#A-ZBZ-ZZZ-Z019","17x17x7","5","Brown","14"
"IN-5PL-BR-17X17X07-PO025#A-ZBZ-ZZZ-Z005","17x17x7","5","Brown","25"
"IN-5PL-BR-18X09X06-PO025#A-ZBZ-ZZZ-Z086","18x9x6","5","Brown","25"
"IN-5PL-BR-18X09X06-PO035#A-ZBZ-ZZZ-Z012","18x9x6","5","Brown","35"
"IN-5PL-BR-18X09X06-PO050#A-MST-VFB-P004","18x9x6","5","Brown","50"
"IN-5PL-BR-18X09X17-PO010#A-ZBZ-ZZZ-Z055","18x9x17","5","Brown","10"
"IN-5PL-BR-18X09X17-PO014#A-ZBZ-ZZZ-Z071","18x9x17","5","Brown","14"
"IN-5PL-BR-18X09X17-PO025#A-ZBZ-ZZZ-Z100","18x9x17","5","Brown","25"
"IN-5PL-BR-18X09X17-PO035#A-ZBZ-ZZZ-Z114","18x9x17","5","Brown","35"
"IN-5PL-BR-18X11X08-PO005#A-ZBZ-ZZZ-Z099","18x11x8","5","Brown","5"
"IN-5PL-BR-18X11X08-PO025#A-ZBZ-ZZZ-Z018","18x11x8","5","Brown","25"
"IN-5PL-BR-18X11X08-PO035#A-MST-VFB-P049","18x11x8","5","Brown","35"
"IN-5PL-BR-18X11X08-PO050#A-ZBZ-ZZZ-Z078","18x11x8","5","Brown","50"
"IN-5PL-BR-18X11X09-PO005#A-ZBZ-ZZZ-Z017","18x11x9","5","Brown","5"
"IN-5PL-BR-18X11X09-PO010#A-ZBZ-ZZZ-Z060","18x11x9","5","Brown","10"
"IN-5PL-BR-18X11X17-PO035#A-ZBZ-ZZZ-Z101","18x11x17","5","Brown","35"
"IN-5PL-BR-18X12X08-PO005#A-ZBZ-ZZZ-Z020","18x12x8","5","Brown","5"
"IN-5PL-BR-18X12X08-PO005#A-ZBZ-ZZZ-Z082","18x12x8","5","Brown","5"
"IN-5PL-BR-18X12X08-PO010#A-ZBZ-ZZZ-Z076","18x12x8","5","Brown","10"
"IN-5PL-BR-18X12X08-PO010#A-ZBZ-ZZZ-Z097","18x12x8","5","Brown","10"
"IN-5PL-BR-18X12X08-PO035#A-MST-VFB-P066","18x12x8","5","Brown","35"
"IN-5PL-BR-18X12X08-PO050#A-ZBZ-ZZZ-Z102","18x12x8","5","Brown","50"
"IN-5PL-BR-18X14X17-PO005#A-MST-VFB-P072","18x14x17","5","Brown","5"
"IN-5PL-BR-18X14X17-PO010#A-MST-VFB-P067","18x14x17","5","Brown","10"
"IN-5PL-BR-18X14X17-PO025#A-MST-VFB-D019","18x14x17","5","Brown","25"
"IN-5PL-BR-18X15X14-PO010#A-ZBZ-ZZZ-Z057","18x15x14","5","Brown","10"
"IN-5PL-BR-18X16X17-PO014#A-ZBZ-ZZZ-Z112","18x16x17","5","Brown","14"
"IN-5PL-BR-19X09X11-PO005#A-ZBZ-ZZZ-Z075","19x9x11","5","Brown","5"
"IN-5PL-BR-19X09X11-PO035#A-MST-VFB-P081","19x9x11","5","Brown","35"
"IN-5PL-BR-19X10X07-PO005#A-ZBZ-ZZZ-Z074","19x10x7","5","Brown","5"
"IN-5PL-BR-19X10X07-PO010#A-ZBZ-ZZZ-Z094","19x10x7","5","Brown","10"
"IN-5PL-BR-19X10X07-PO025#A-ZBZ-ZZZ-Z110","19x10x7","5","Brown","25"
"IN-5PL-BR-19X10X07-PO050#A-ZBZ-ZZZ-Z096","19x10x7","5","Brown","50"
"IN-5PL-BR-19X11X09-PO010#A-ZBZ-ZZZ-Z063","19x11x9","5","Brown","10"
"IN-5PL-BR-19X11X09-PO050#A-ZBZ-ZZZ-Z008","19x11x9","5","Brown","50"
"IN-5PL-BR-19X12X08-PO050#A-ZBZ-ZZZ-Z045","19x12x8","5","Brown","50"
"IN-5PL-BR-19X12X10-PO010#A-ZBZ-ZZZ-Z073","19x12x10","5","Brown","10"
"IN-5PL-BR-19X12X10-PO025#A-ZBZ-ZZZ-Z072","19x12x10","5","Brown","25"
"IN-5PL-BR-19X13X06-PO005#A-ZBZ-ZZZ-Z043","19x13x6","5","Brown","5"
"IN-5PL-BR-19X13X06-PO010#A-ZBZ-ZZZ-Z042","19x13x6","5","Brown","10"
"IN-5PL-BR-19X13X06-PO025#A-ZBZ-ZZZ-Z046","19x13x6","5","Brown","25"
"IN-5PL-BR-19X13X06-PO025#A-ZBZ-ZZZ-Z056","19x13x6","5","Brown","25"
"IN-5PL-BR-19X13X06-PO035#A-INB-ZZZ-P078","19x13x6","5","Brown","35"
"IN-5PL-BR-19X19X20-PO010#A-ZBZ-ZZZ-Z044","19x19x20","5","Brown","10"
"IN-5PL-BR-21X08X08-PO050#A-ZBZ-ZZZ-Z004","21x8x8","5","Brown","50"
"IN-5PL-BR-21X11X06-PO005#A-ZBZ-ZZZ-Z025","21x11x6","5","Brown","5"
"IN-5PL-BR-21X11X06-PO035#A-ZBZ-ZZZ-Z113","21x11x6","5","Brown","35"
"IN-5PL-BR-21X11X12-PO010#A-ZBZ-ZZZ-Z107","21x11x12","5","Brown","10"
"IN-5PL-BR-22X10X19-PO005#A-ZBZ-ZZZ-Z016","22x10x19","5","Brown","5"
"IN-5PL-BR-22X10X19-PO014#A-ZBZ-ZZZ-Z005","22x10x19","5","Brown","14"
"IN-5PL-BR-22X11X10-PO005#A-ZBZ-ZZZ-Z002","22x11x10","5","Brown","5"
"IN-5PL-BR-22X11X10-PO014#A-ZBZ-ZZZ-Z052","22x11x10","5","Brown","14"
"IN-5PL-BR-22X11X10-PO035#A-ZBZ-ZZZ-Z053","22x11x10","5","Brown","35"
"IN-5PL-BR-22X13X08-PO035#A-ZBZ-ZZZ-Z003","22x13x8","5","Brown","35"
"IN-5PL-BR-23X10X13-PO010#A-ZBZ-ZZZ-Z019","23x10x13","5","Brown","10"
"IN-5PL-BR-23X10X13-PO014#A-ZBZ-ZZZ-Z100","23x10x13","5","Brown","14"
"IN-5PL-BR-23X10X13-PO035#A-ZBZ-ZZZ-Z055","23x10x13","5","Brown","35"
"IN-5PL-BR-23X12X13-PO005#A-ZBZ-ZZZ-Z114","23x12x13","5","Brown","5"
"IN-5PL-BR-23X12X13-PO010#A-ZBZ-ZZZ-Z071","23x12x13","5","Brown","10"
"IN-5PL-BR-23X12X13-PO014#A-ZBZ-ZZZ-Z018","23x12x13","5","Brown","14"
"IN-5PL-BR-23X12X13-PO025#A-ZBZ-ZZZ-Z099","23x12x13","5","Brown","25"
"IN-5PL-BR-24X10X17-PO012#A-ZBZ-ZZZ-Z097","24x10x17","5","Brown","12"
"IN-5PL-BR-24X10X17-PO025#A-ZBZ-ZZZ-Z020","24x10x17","5","Brown","25"
"IN-5PL-BR-24X10X24-PO005#A-MST-VFB-P066","24x10x24","5","Brown","5"
"IN-5PL-BR-24X10X24-PO010#A-ZBZ-ZZZ-Z102","24x10x24","5","Brown","10"
"IN-5PL-BR-24X14X07-PO005#A-MST-VFB-P049","24x14x7","5","Brown","5"
"IN-5PL-BR-24X14X07-PO010#A-ZBZ-ZZZ-Z078","24x14x7","5","Brown","10"
"IN-5PL-BR-24X14X07-PO025#A-ZBZ-ZZZ-Z082","24x14x7","5","Brown","25"
"IN-5PL-BR-24X14X07-PO035#A-ZBZ-ZZZ-Z076","24x14x7","5","Brown","35"
"IN-5PL-BR-24X17X12-PO012#A-ZBZ-ZZZ-Z057","24x17x12","5","Brown","12"
"IN-5PL-BR-24X24X06-PO011#A-ZBZ-ZZZ-Z017","24x24x6","5","Brown","11"
"IN-5PL-BR-24X24X06-PO012#A-ZBZ-ZZZ-Z060","24x24x6","5","Brown","12"
"IN-5PL-BR-26X11X05-PO010#A-ZBZ-ZZZ-Z112","26x11x5","5","Brown","10"
"IN-5PL-BR-26X11X05-PO050#A-ZBZ-ZZZ-Z086","26x11x5","5","Brown","50"
"IN-5PL-BR-26X12X07-PO005#A-ZBZ-ZZZ-Z012","26x12x7","5","Brown","5"
"IN-5PL-BR-26X12X07-PO010#A-MST-VFB-P004","26x12x7","5","Brown","10"
"IN-5PL-BR-30X14X09-PO005#A-ZBZ-ZZZ-Z101","30x14x9","5","Brown","5"
"IN-5PL-BR-30X14X09-PO012#A-MST-VFB-P067","30x14x9","5","Brown","12"
"IN-5PL-BR-30X14X09-PO014#A-MST-VFB-D019","30x14x9","5","Brown","14"
"IN-5PL-BR-30X14X09-PO025#A-MST-VFB-P072","30x14x9","5","Brown","25"
"IN-5PL-BR-30X14X11-PO012#A-ZBZ-ZZZ-Z063","30x14x11","5","Brown","12"
"IN-5PL-BR-30X14X14-PO010#A-ZBZ-ZZZ-Z008","30x14x14","5","Brown","10"
"IN-5PL-BR-30X14X14-PO011#A-ZBZ-ZZZ-Z075","30x14x14","5","Brown","11"
"IN-5PL-BR-32X16X21-PO005#A-MST-VFB-P081","32x16x21","5","Brown","5"
"IN-5PL-BR-41X14X07-PO012#A-ZBZ-ZZZ-Z094","41x14x7","5","Brown","12"
"IN-5PL-BR-41X14X07-PO014#A-ZBZ-ZZZ-Z110","41x14x7","5","Brown","14"
"IN-5PL-BR-41X14X07-PO025#A-ZBZ-ZZZ-Z074","41x14x7","5","Brown","25"
"IN-5PL-BR-59X14X07-PO010#A-ZBZ-ZZZ-Z096","59x14x7","5","Brown","10"
"IN-5PL-BR-59X14X07-PO012#A-ZBZ-ZZZ-Z073","59x14x7","5","Brown","12"
"IN-5PL-BR-59X14X07-PO014#A-ZBZ-ZZZ-Z072","59x14x7","5","Brown","14"
"IN-7PL-BR-07X06X04-PO025#A-MST-VFB-P104","7x6x4","7","Brown","25"
"IN-7PL-BR-07X06X04-PO035#A-MST-VFB-P096","7x6x4","7","Brown","35"
"IN-7PL-BR-07X06X07-PO035#A-ABT-ZZZ-P008","7x6x7","7","Brown","35"
"IN-7PL-BR-07X08X07-PO050#A-MST-VFB-P093","7x8x7","7","Brown","50"
"IN-7PL-BR-08X02X05-PO005#A-MST-VFB-D023","8x2x5","7","Brown","5"
"IN-7PL-BR-08X05X06-PO010#A-MST-VFB-P013","8x5x6","7","Brown","10"
"IN-7PL-BR-08X05X08-PO050#A-MST-VFB-P076","8x5x8","7","Brown","50"
"IN-7PL-BR-08X06X05-PO010#A-ZBZ-ZZZ-Z077","8x6x5","7","Brown","10"
"IN-7PL-BR-08X08X07-PO010#A-MST-VFB-P068","8x8x7","7","Brown","10"
"IN-7PL-BR-08X08X07-PO035#A-ZBZ-ZZZ-Z006","8x8x7","7","Brown","35"
"IN-7PL-BR-09X06X05-PO050#A-MST-VFB-P079","9x6x5","7","Brown","50"
"IN-7PL-BR-09X06X08-PO010#A-MST-VFB-P086","9x6x8","7","Brown","10"
"IN-7PL-BR-09X08X13-PO035#A-MST-VFB-P083","9x8x13","7","Brown","35"
"IN-7PL-BR-09X09X09-PO005#A-MST-VFB-P103","9x9x9","7","Brown","5"
"IN-7PL-BR-09X09X15-PO005#A-MST-VFB-D024","9x9x15","7","Brown","5"
"IN-7PL-BR-09X09X15-PO025#A-MST-VFB-D022","9x9x15","7","Brown","25"
"IN-7PL-BR-11X11X14-PO050#A-MST-VFB-P104","11x11x14","7","Brown","50"
"IN-7PL-BR-12X08X10-PO025#A-MST-VFB-D023","12x8x10","7","Brown","25"
"IN-7PL-BR-12X08X11-PO005#A-ABT-ZZZ-P008","12x8x11","7","Brown","5"
"IN-7PL-BR-12X08X11-PO005#A-MST-VFB-P096","12x8x11","7","Brown","5"
"IN-7PL-BR-12X08X11-PO010#A-MST-VFB-P093","12x8x11","7","Brown","10"
"IN-7PL-BR-12X08X14-PO005#A-ZBZ-ZZZ-Z006","12x8x14","7","Brown","5"
"IN-7PL-BR-12X08X14-PO035#A-MST-VFB-P013","12x8x14","7","Brown","35"
"IN-7PL-BR-12X09X06-PO025#A-MST-VFB-P103","12x9x6","7","Brown","25"
"IN-7PL-BR-12X09X07-PO010#A-MST-VFB-P076","12x9x7","7","Brown","10"
"IN-7PL-BR-12X09X07-PO025#A-MST-VFB-D024","12x9x7","7","Brown","25"
"IN-7PL-BR-12X09X07-PO050#A-MST-VFB-D022","12x9x7","7","Brown","50"
"IN-7PL-BR-12X09X11-PO005#A-MST-VFB-P083","12x9x11","7","Brown","5"
"IN-7PL-BR-12X12X11-PO010#A-MST-VFB-P079","12x12x11","7","Brown","10"
"IN-7PL-BR-12X12X11-PO035#A-MST-VFB-P086","12x12x11","7","Brown","35"
"IN-7PL-BR-12X12X12-PO035#A-ZBZ-ZZZ-Z077","12x12x12","7","Brown","35"
"IN-7PL-BR-12X12X13-PO035#A-MST-VFB-P068","12x12x13","7","Brown","35"
"IN-7PL-BR-15X08X11-PO005#A-MST-VFB-P068","15x8x11","7","Brown","5"
"IN-7PL-BR-15X08X11-PO025#A-ZBZ-ZZZ-Z006","15x8x11","7","Brown","25"
"IN-7PL-BR-15X09X08-PO005#A-ZBZ-ZZZ-Z077","15x9x8","7","Brown","5"
"IN-7PL-BR-15X09X08-PO035#A-MST-VFB-P093","15x9x8","7","Brown","35"
"IN-7PL-BR-15X09X10-PO025#A-ABT-ZZZ-P008","15x9x10","7","Brown","25"
"IN-7PL-BR-15X10X14-PO005#A-MST-VFB-P013","15x10x14","7","Brown","5"
"IN-7PL-BR-15X11X06-PO050#A-MST-VFB-D023","15x11x6","7","Brown","50"
"IN-7PL-BR-15X12X07-PO035#A-MST-VFB-P076","15x12x7","7","Brown","35"
"IN-7PL-BR-15X12X07-PO050#A-MST-VFB-D024","15x12x7","7","Brown","50"
"IN-7PL-BR-15X12X08-PO010#A-MST-VFB-D022","15x12x8","7","Brown","10"
"IN-7PL-BR-15X15X13-PO010#A-MST-VFB-P104","15x15x13","7","Brown","10"
"IN-7PL-BR-15X15X13-PO025#A-MST-VFB-P096","15x15x13","7","Brown","25"
"IN-7PL-BR-16X10X07-PO035#A-MST-VFB-P079","16x10x7","7","Brown","35"
"IN-7PL-BR-16X12X08-PO025#A-MST-VFB-P083","16x12x8","7","Brown","25"
"IN-7PL-BR-16X13X11-PO005#A-MST-VFB-P086","16x13x11","7","Brown","5"
"IN-7PL-BR-16X13X11-PO014#A-MST-VFB-P103","16x13x11","7","Brown","14"
"IN-7PL-BR-17X13X06-PO035#A-MST-VFB-P104","17x13x6","7","Brown","35"
"IN-7PL-BR-17X13X06-PO050#A-MST-VFB-P096","17x13x6","7","Brown","50"
"IN-7PL-BR-17X14X09-PO005#A-MST-VFB-P093","17x14x9","7","Brown","5"
"IN-7PL-BR-17X14X09-PO014#A-ABT-ZZZ-P008","17x14x9","7","Brown","14"
"IN-7PL-BR-18X11X08-PO010#A-MST-VFB-D023","18x11x8","7","Brown","10"
"IN-7PL-BR-18X11X09-PO025#A-MST-VFB-P013","18x11x9","7","Brown","25"
"IN-7PL-BR-18X11X17-PO014#A-MST-VFB-P083","18x11x17","7","Brown","14"
"IN-7PL-BR-18X12X08-PO025#A-ZBZ-ZZZ-Z077","18x12x8","7","Brown","25"
"IN-7PL-BR-18X15X14-PO014#A-ZBZ-ZZZ-Z006","18x15x14","7","Brown","14"
"IN-7PL-BR-18X15X14-PO025#A-MST-VFB-P068","18x15x14","7","Brown","25"
"IN-7PL-BR-18X16X17-PO005#A-MST-VFB-P076","18x16x17","7","Brown","5"
"IN-7PL-BR-18X16X17-PO010#A-MST-VFB-D024","18x16x17","7","Brown","10"
"IN-7PL-BR-18X16X17-PO012#A-MST-VFB-D022","18x16x17","7","Brown","12"
"IN-7PL-BR-19X09X11-PO010#A-MST-VFB-P103","19x9x11","7","Brown","10"
"IN-7PL-BR-19X11X09-PO005#A-MST-VFB-P079","19x11x9","7","Brown","5"
"IN-7PL-BR-19X11X09-PO025#A-MST-VFB-P086","19x11x9","7","Brown","25"
"IN-7PL-BR-22X10X19-PO010#A-ABT-ZZZ-P008","22x10x19","7","Brown","10"
"IN-7PL-BR-22X11X10-PO025#A-MST-VFB-P093","22x11x10","7","Brown","25"
"IN-7PL-BR-22X13X08-PO005#A-MST-VFB-P104","22x13x8","7","Brown","5"
"IN-7PL-BR-22X13X08-PO010#A-MST-VFB-P096","22x13x8","7","Brown","10"
"IN-7PL-BR-23X12X13-PO035#A-MST-VFB-D023","23x12x13","7","Brown","35"
"IN-7PL-BR-24X10X24-PO012#A-MST-VFB-D024","24x10x24","7","Brown","12"
"IN-7PL-BR-24X10X24-PO025#A-MST-VFB-P076","24x10x24","7","Brown","25"
"IN-7PL-BR-24X14X07-PO014#A-ZBZ-ZZZ-Z077","24x14x7","7","Brown","14"
"IN-7PL-BR-24X17X12-PO014#A-MST-VFB-P068","24x17x12","7","Brown","14"
"IN-7PL-BR-24X24X06-PO010#A-ZBZ-ZZZ-Z006","24x24x6","7","Brown","10"
"IN-7PL-BR-24X24X06-PO014#A-MST-VFB-P013","24x24x6","7","Brown","14"
"IN-7PL-BR-26X11X05-PO005#A-MST-VFB-D022","26x11x5","7","Brown","5"
"IN-7PL-BR-30X14X09-PO010#A-MST-VFB-P083","30x14x9","7","Brown","10"
"IN-7PL-BR-30X14X11-PO014#A-MST-VFB-P086","30x14x11","7","Brown","14"
"IN-7PL-BR-30X14X11-PO025#A-MST-VFB-P079","30x14x11","7","Brown","25"
"IN-7PL-BR-30X14X14-PO012#A-MST-VFB-P103","30x14x14","7","Brown","12"
"JHSHP-CRBOX-A01","","","",""
"NP001-MdaNmk001","","","",""
"NP002-MdaNmk002","","","",""
"NP003-MdaNmk003","","","",""
"NTPT001-BSN-500gm001","","","",""
"NTPT002-BSN-1kg002","","","",""
"NTPT003-BSN-2kg003","","","",""
"NTPT004-BSN-3kg004","","","",""
"NTPT005-BSN-5kg005","","","",""
"RCT-3PLBrown01-T1-0300X0300X0400-PO010","3x3x4","3","Brown","10"
"RCT-3PLBrown01-T1-0300X0300X0400-PO025","3x3x4","3","Brown","25"
"RCT-3PLBrown01-T1-0300X0300X0400-PO050","3x3x4","3","Brown","50"
"RCT-3PLBrown01-T1-0300X0300X0400-PO075","3x3x4","3","Brown","75"
"RCT-3PLBrown01-T1-0300X0300X0400-PO100","3x3x4","3","Brown","100"
"RCT-3PLBrown01-T1-0450X0100X0175-PO010","4.5x1x1.8","3","Brown","10"
"RCT-3PLBrown01-T1-0450X0100X0175-PO025","4.5x1x1.8","3","Brown","25"
"RCT-3PLBrown01-T1-0450X0100X0175-PO050","4.5x1x1.8","3","Brown","50"
"RCT-3PLBrown01-T1-0450X0100X0175-PO075","4.5x1x1.8","3","Brown","75"
"RCT-3PLBrown01-T1-0450X0100X0175-PO100","4.5x1x1.8","3","Brown","100"
"RCT-3PLBrown01-T1-0450X0150X0450-PO010","4.5x1.5x4.5","3","Brown","10"
"RCT-3PLBrown01-T1-0450X0150X0450-PO025","4.5x1.5x4.5","3","Brown","25"
"RCT-3PLBrown01-T1-0450X0150X0450-PO050","4.5x1.5x4.5","3","Brown","50"
"RCT-3PLBrown01-T1-0450X0150X0450-PO075","4.5x1.5x4.5","3","Brown","75"
"RCT-3PLBrown01-T1-0450X0150X0450-PO100","4.5x1.5x4.5","3","Brown","100"
"RCT-3PLBrown01-T1-0450X0150X0500-PO010","4.5x1.5x5","3","Brown","10"
"RCT-3PLBrown01-T1-0450X0150X0500-PO025","4.5x1.5x5","3","Brown","25"
"RCT-3PLBrown01-T1-0450X0150X0500-PO050","4.5x1.5x5","3","Brown","50"
"RCT-3PLBrown01-T1-0450X0150X0500-PO075","4.5x1.5x5","3","Brown","75"
"RCT-3PLBrown01-T1-0450X0150X0500-PO100","4.5x1.5x5","3","Brown","100"
"RCT-3PLBrown01-T1-0450X0150X0600-PO010","4.5x1.5x6","3","Brown","10"
"RCT-3PLBrown01-T1-0450X0150X0600-PO025","4.5x1.5x6","3","Brown","25"
"RCT-3PLBrown01-T1-0450X0150X0600-PO050","4.5x1.5x6","3","Brown","50"
"RCT-3PLBrown01-T1-0450X0150X0600-PO075","4.5x1.5x6","3","Brown","75"
"RCT-3PLBrown01-T1-0450X0150X0600-PO100","4.5x1.5x6","3","Brown","100"
"RCT-3PLBrown01-T1-0450X0450X0150-PO010","4.5x4.5x1.5","3","Brown","10"
"RCT-3PLBrown01-T1-0450X0450X0150-PO025","4.5x4.5x1.5","3","Brown","25"
"RCT-3PLBrown01-T1-0450X0450X0150-PO050","4.5x4.5x1.5","3","Brown","50"
"RCT-3PLBrown01-T1-0450X0450X0150-PO075","4.5x4.5x1.5","3","Brown","75"
"RCT-3PLBrown01-T1-0450X0450X0150-PO100","4.5x4.5x1.5","3","Brown","100"
"RCT-3PLBrown01-T1-0500X0450X0350-PO010","5x4.5x3.5","3","Brown","10"
"RCT-3PLBrown01-T1-0500X0450X0350-PO025","5x4.5x3.5","3","Brown","25"
"RCT-3PLBrown01-T1-0500X0450X0350-PO050","5x4.5x3.5","3","Brown","50"
"RCT-3PLBrown01-T1-0500X0450X0350-PO075","5x4.5x3.5","3","Brown","75"
"RCT-3PLBrown01-T1-0500X0450X0350-PO100","5x4.5x3.5","3","Brown","100"
"RCT-3PLBrown01-T1-0550X0550X0550-PO010","5.5x5.5x5.5","3","Brown","10"
"RCT-3PLBrown01-T1-0550X0550X0550-PO025","5.5x5.5x5.5","3","Brown","25"
"RCT-3PLBrown01-T1-0550X0550X0550-PO050","5.5x5.5x5.5","3","Brown","50"
"RCT-3PLBrown01-T1-0550X0550X0550-PO075","5.5x5.5x5.5","3","Brown","75"
"RCT-3PLBrown01-T1-0550X0550X0550-PO100","5.5x5.5x5.5","3","Brown","100"
"RCT-3PLBrown01-T1-0700X0250X0250-PO010","7x2.5x2.5","3","Brown","10"
"RCT-3PLBrown01-T1-0700X0250X0250-PO025","7x2.5x2.5","3","Brown","25"
"RCT-3PLBrown01-T1-0700X0250X0250-PO050","7x2.5x2.5","3","Brown","50"
"RCT-3PLBrown01-T1-0700X0250X0250-PO075","7x2.5x2.5","3","Brown","75"
"RCT-3PLBrown01-T1-0700X0250X0250-PO100","7x2.5x2.5","3","Brown","100"
"RCT-3PLBrown01-T1-0700X0400X0200-PO010","7x4x2","3","Brown","10"
"RCT-3PLBrown01-T1-0700X0400X0200-PO025","7x4x2","3","Brown","25"
"RCT-3PLBrown01-T1-0700X0400X0200-PO050","7x4x2","3","Brown","50"
"RCT-3PLBrown01-T1-0700X0400X0200-PO075","7x4x2","3","Brown","75"
"RCT-3PLBrown01-T1-0700X0400X0200-PO100","7x4x2","3","Brown","100"
"RCT-3PLBrown01-T1-0700X0400X0350-PO010","7x4x3.5","3","Brown","10"
"RCT-3PLBrown01-T1-0700X0400X0350-PO025","7x4x3.5","3","Brown","25"
"RCT-3PLBrown01-T1-0700X0400X0350-PO050","7x4x3.5","3","Brown","50"
"RCT-3PLBrown01-T1-0700X0400X0350-PO075","7x4x3.5","3","Brown","75"
"RCT-3PLBrown01-T1-0700X0400X0350-PO100","7x4x3.5","3","Brown","100"
"RCT-3PLBrown01-T1-0700X0525X0425-PO010","7x5.3x4.3","3","Brown","10"
"RCT-3PLBrown01-T1-0700X0525X0425-PO025","7x5.3x4.3","3","Brown","25"
"RCT-3PLBrown01-T1-0700X0525X0425-PO050","7x5.3x4.3","3","Brown","50"
"RCT-3PLBrown01-T1-0700X0525X0425-PO075","7x5.3x4.3","3","Brown","75"
"RCT-3PLBrown01-T1-0700X0525X0425-PO100","7x5.3x4.3","3","Brown","100"
"RCT-3PLBrown01-T1-0750X0450X0350-PO010","7.5x4.5x3.5","3","Brown","10"
"RCT-3PLBrown01-T1-0750X0450X0350-PO025","7.5x4.5x3.5","3","Brown","25"
"RCT-3PLBrown01-T1-0750X0450X0350-PO050","7.5x4.5x3.5","3","Brown","50"
"RCT-3PLBrown01-T1-0750X0450X0350-PO075","7.5x4.5x3.5","3","Brown","75"
"RCT-3PLBrown01-T1-0750X0450X0350-PO100","7.5x4.5x3.5","3","Brown","100"
"RCT-3PLBrown01-T1-0800X0400X0400-PO010","8x4x4","3","Brown","10"
"RCT-3PLBrown01-T1-0800X0400X0400-PO025","8x4x4","3","Brown","25"